dong,floorLabel,floor,ho,type,supply_m2,pyeong,rawTooltip
101동,34층,34,3401,98A,98.85,29.9,공급 98.85A㎡
101동,34층,34,3402,98C1,98.04,29.66,공급 98.04C1㎡
101동,34층,34,3404,145,145.05,43.88,공급 145.05㎡
101동,34층,34,3405,98D,98.96,29.94,공급 98.96D㎡
101동,33층,33,3301,98A,98.85,29.9,공급 98.85A㎡
101동,33층,33,3302,98C1,98.04,29.66,공급 98.04C1㎡
101동,33층,33,3303,114A,114.57,34.66,공급 114.57A㎡
101동,33층,33,3304,113B,113.93,34.46,공급 113.93B㎡
101동,33층,33,3305,98D,98.96,29.94,공급 98.96D㎡
101동,32층,32,3201,98A,98.85,29.9,공급 98.85A㎡
101동,32층,32,3202,98C1,98.04,29.66,공급 98.04C1㎡
101동,32층,32,3203,114A,114.57,34.66,공급 114.57A㎡
101동,32층,32,3204,113B,113.93,34.46,공급 113.93B㎡
101동,32층,32,3205,98D,98.96,29.94,공급 98.96D㎡
101동,31층,31,3101,98A,98.85,29.9,공급 98.85A㎡
101동,31층,31,3102,98C1,98.04,29.66,공급 98.04C1㎡
101동,31층,31,3103,114A,114.57,34.66,공급 114.57A㎡
101동,31층,31,3104,113B,113.93,34.46,공급 113.93B㎡
101동,31층,31,3105,98D,98.96,29.94,공급 98.96D㎡
101동,30층,30,3001,98A,98.85,29.9,공급 98.85A㎡
101동,30층,30,3002,98C1,98.04,29.66,공급 98.04C1㎡
101동,30층,30,3003,114A,114.57,34.66,공급 114.57A㎡
101동,30층,30,3004,113B,113.93,34.46,공급 113.93B㎡
101동,30층,30,3005,98D,98.96,29.94,공급 98.96D㎡
101동,29층,29,2901,98A,98.85,29.9,공급 98.85A㎡
101동,29층,29,2902,98C1,98.04,29.66,공급 98.04C1㎡
101동,29층,29,2903,114A,114.57,34.66,공급 114.57A㎡
101동,29층,29,2904,113B,113.93,34.46,공급 113.93B㎡
101동,29층,29,2905,98D,98.96,29.94,공급 98.96D㎡
101동,28층,28,2801,98A,98.85,29.9,공급 98.85A㎡
101동,28층,28,2802,98C1,98.04,29.66,공급 98.04C1㎡
101동,28층,28,2803,114A,114.57,34.66,공급 114.57A㎡
101동,28층,28,2804,113B,113.93,34.46,공급 113.93B㎡
101동,28층,28,2805,98D,98.96,29.94,공급 98.96D㎡
101동,27층,27,2701,98A,98.85,29.9,공급 98.85A㎡
101동,27층,27,2702,98C1,98.04,29.66,공급 98.04C1㎡
101동,27층,27,2703,114A,114.57,34.66,공급 114.57A㎡
101동,27층,27,2704,113B,113.93,34.46,공급 113.93B㎡
101동,27층,27,2705,98D,98.96,29.94,공급 98.96D㎡
101동,26층,26,2601,98A,98.85,29.9,공급 98.85A㎡
101동,26층,26,2602,98C1,98.04,29.66,공급 98.04C1㎡
101동,26층,26,2603,114A,114.57,34.66,공급 114.57A㎡
101동,26층,26,2604,113B,113.93,34.46,공급 113.93B㎡
101동,26층,26,2605,98D,98.96,29.94,공급 98.96D㎡
101동,25층,25,2501,98A,98.85,29.9,공급 98.85A㎡
101동,25층,25,2502,98C1,98.04,29.66,공급 98.04C1㎡
101동,25층,25,2503,114A,114.57,34.66,공급 114.57A㎡
101동,25층,25,2504,113B,113.93,34.46,공급 113.93B㎡
101동,25층,25,2505,98D,98.96,29.94,공급 98.96D㎡
101동,24층,24,2401,98A,98.85,29.9,공급 98.85A㎡
101동,24층,24,2402,98C1,98.04,29.66,공급 98.04C1㎡
101동,24층,24,2403,114A,114.57,34.66,공급 114.57A㎡
101동,24층,24,2404,113B,113.93,34.46,공급 113.93B㎡
101동,24층,24,2405,98D,98.96,29.94,공급 98.96D㎡
101동,23층,23,2301,98A,98.85,29.9,공급 98.85A㎡
101동,23층,23,2302,98C1,98.04,29.66,공급 98.04C1㎡
101동,23층,23,2303,114A,114.57,34.66,공급 114.57A㎡
101동,23층,23,2304,113B,113.93,34.46,공급 113.93B㎡
101동,23층,23,2305,98D,98.96,29.94,공급 98.96D㎡
101동,22층,22,2201,98A,98.85,29.9,공급 98.85A㎡
101동,22층,22,2202,98C1,98.04,29.66,공급 98.04C1㎡
101동,22층,22,2203,114A,114.57,34.66,공급 114.57A㎡
101동,22층,22,2204,113B,113.93,34.46,공급 113.93B㎡
101동,22층,22,2205,98D,98.96,29.94,공급 98.96D㎡
101동,21층,21,2101,98A,98.85,29.9,공급 98.85A㎡
101동,21층,21,2102,98C1,98.04,29.66,공급 98.04C1㎡
101동,21층,21,2103,114A,114.57,34.66,공급 114.57A㎡
101동,21층,21,2104,113B,113.93,34.46,공급 113.93B㎡
101동,21층,21,2105,98D,98.96,29.94,공급 98.96D㎡
101동,20층,20,2001,98A,98.85,29.9,공급 98.85A㎡
101동,20층,20,2002,98C1,98.04,29.66,공급 98.04C1㎡
101동,20층,20,2003,114A,114.57,34.66,공급 114.57A㎡
101동,20층,20,2004,113B,113.93,34.46,공급 113.93B㎡
101동,20층,20,2005,98D,98.96,29.94,공급 98.96D㎡
101동,19층,19,1901,98A,98.85,29.9,공급 98.85A㎡
101동,19층,19,1902,98C1,98.04,29.66,공급 98.04C1㎡
101동,19층,19,1903,114A,114.57,34.66,공급 114.57A㎡
101동,19층,19,1904,113B,113.93,34.46,공급 113.93B㎡
101동,19층,19,1905,98D,98.96,29.94,공급 98.96D㎡
101동,18층,18,1801,98A,98.85,29.9,공급 98.85A㎡
101동,18층,18,1802,98C1,98.04,29.66,공급 98.04C1㎡
101동,18층,18,1803,114A,114.57,34.66,공급 114.57A㎡
101동,18층,18,1804,113B,113.93,34.46,공급 113.93B㎡
101동,18층,18,1805,98D,98.96,29.94,공급 98.96D㎡
101동,17층,17,1701,98A,98.85,29.9,공급 98.85A㎡
101동,17층,17,1702,98C1,98.04,29.66,공급 98.04C1㎡
101동,17층,17,1703,114A,114.57,34.66,공급 114.57A㎡
101동,17층,17,1704,113B,113.93,34.46,공급 113.93B㎡
101동,17층,17,1705,98D,98.96,29.94,공급 98.96D㎡
101동,16층,16,1601,98A,98.85,29.9,공급 98.85A㎡
101동,16층,16,1602,98C1,98.04,29.66,공급 98.04C1㎡
101동,16층,16,1603,114A,114.57,34.66,공급 114.57A㎡
101동,16층,16,1604,113B,113.93,34.46,공급 113.93B㎡
101동,16층,16,1605,98D,98.96,29.94,공급 98.96D㎡
101동,15층,15,1501,98A,98.85,29.9,공급 98.85A㎡
101동,15층,15,1502,98C1,98.04,29.66,공급 98.04C1㎡
101동,15층,15,1503,114A,114.57,34.66,공급 114.57A㎡
101동,15층,15,1504,113B,113.93,34.46,공급 113.93B㎡
101동,15층,15,1505,98D,98.96,29.94,공급 98.96D㎡
101동,14층,14,1401,98A,98.85,29.9,공급 98.85A㎡
101동,14층,14,1402,98C1,98.04,29.66,공급 98.04C1㎡
101동,14층,14,1403,114A,114.57,34.66,공급 114.57A㎡
101동,14층,14,1404,113B,113.93,34.46,공급 113.93B㎡
101동,14층,14,1405,98D,98.96,29.94,공급 98.96D㎡
101동,13층,13,1301,98A,98.85,29.9,공급 98.85A㎡
101동,13층,13,1302,98C1,98.04,29.66,공급 98.04C1㎡
101동,13층,13,1303,114A,114.57,34.66,공급 114.57A㎡
101동,13층,13,1304,113B,113.93,34.46,공급 113.93B㎡
101동,13층,13,1305,98D,98.96,29.94,공급 98.96D㎡
101동,12층,12,1201,98A,98.85,29.9,공급 98.85A㎡
101동,12층,12,1202,98C1,98.04,29.66,공급 98.04C1㎡
101동,12층,12,1203,114A,114.57,34.66,공급 114.57A㎡
101동,12층,12,1204,113B,113.93,34.46,공급 113.93B㎡
101동,12층,12,1205,98D,98.96,29.94,공급 98.96D㎡
101동,11층,11,1101,98A,98.85,29.9,공급 98.85A㎡
101동,11층,11,1102,98C1,98.04,29.66,공급 98.04C1㎡
101동,11층,11,1103,114A,114.57,34.66,공급 114.57A㎡
101동,11층,11,1104,113B,113.93,34.46,공급 113.93B㎡
101동,11층,11,1105,98D,98.96,29.94,공급 98.96D㎡
101동,10층,10,1001,98A,98.85,29.9,공급 98.85A㎡
101동,10층,10,1002,98C1,98.04,29.66,공급 98.04C1㎡
101동,10층,10,1003,114A,114.57,34.66,공급 114.57A㎡
101동,10층,10,1004,113B,113.93,34.46,공급 113.93B㎡
101동,10층,10,1005,98D,98.96,29.94,공급 98.96D㎡
101동,9층,9,901,98A,98.85,29.9,공급 98.85A㎡
101동,9층,9,902,98C1,98.04,29.66,공급 98.04C1㎡
101동,9층,9,903,114A,114.57,34.66,공급 114.57A㎡
101동,9층,9,904,113B,113.93,34.46,공급 113.93B㎡
101동,9층,9,905,98D,98.96,29.94,공급 98.96D㎡
101동,8층,8,801,98A,98.85,29.9,공급 98.85A㎡
101동,8층,8,802,98C1,98.04,29.66,공급 98.04C1㎡
101동,8층,8,803,114A,114.57,34.66,공급 114.57A㎡
101동,8층,8,804,113B,113.93,34.46,공급 113.93B㎡
101동,8층,8,805,98D,98.96,29.94,공급 98.96D㎡
101동,7층,7,701,98A,98.85,29.9,공급 98.85A㎡
101동,7층,7,702,98C1,98.04,29.66,공급 98.04C1㎡
101동,7층,7,703,114A,114.57,34.66,공급 114.57A㎡
101동,7층,7,704,113B,113.93,34.46,공급 113.93B㎡
101동,7층,7,705,98D,98.96,29.94,공급 98.96D㎡
101동,6층,6,601,98A,98.85,29.9,공급 98.85A㎡
101동,6층,6,602,98C1,98.04,29.66,공급 98.04C1㎡
101동,6층,6,603,114A,114.57,34.66,공급 114.57A㎡
101동,6층,6,604,113B,113.93,34.46,공급 113.93B㎡
101동,6층,6,605,98D,98.96,29.94,공급 98.96D㎡
101동,5층,5,501,98A,98.85,29.9,공급 98.85A㎡
101동,5층,5,502,98C1,98.04,29.66,공급 98.04C1㎡
101동,5층,5,503,114A,114.57,34.66,공급 114.57A㎡
101동,5층,5,504,113B,113.93,34.46,공급 113.93B㎡
101동,5층,5,505,98D,98.96,29.94,공급 98.96D㎡
101동,4층,4,401,98A,98.85,29.9,공급 98.85A㎡
101동,4층,4,402,98C1,98.04,29.66,공급 98.04C1㎡
101동,4층,4,403,114A,114.57,34.66,공급 114.57A㎡
101동,4층,4,404,113B,113.93,34.46,공급 113.93B㎡
101동,4층,4,405,98D,98.96,29.94,공급 98.96D㎡
101동,3층,3,301,98A,98.85,29.9,공급 98.85A㎡
101동,3층,3,302,98C1,98.04,29.66,공급 98.04C1㎡
101동,3층,3,303,114A,114.57,34.66,공급 114.57A㎡
101동,3층,3,304,113B,113.93,34.46,공급 113.93B㎡
101동,3층,3,305,98D,98.96,29.94,공급 98.96D㎡
101동,2층,2,201,98A,98.85,29.9,공급 98.85A㎡
101동,2층,2,202,98C1,98.04,29.66,공급 98.04C1㎡
101동,2층,2,203,114A,114.57,34.66,공급 114.57A㎡
101동,2층,2,204,113B,113.93,34.46,공급 113.93B㎡
101동,2층,2,205,98D,98.96,29.94,공급 98.96D㎡
102동,34층,34,3401,99B,99.05,29.96,공급 99.05B㎡
102동,34층,34,3402,98C1,98.04,29.66,공급 98.04C1㎡
102동,34층,34,3403,114A,114.57,34.66,공급 114.57A㎡
102동,34층,34,3404,113B,113.93,34.46,공급 113.93B㎡
102동,34층,34,3405,98C,98.89,29.91,공급 98.89C㎡
102동,33층,33,3301,99B,99.05,29.96,공급 99.05B㎡
102동,33층,33,3302,98C1,98.04,29.66,공급 98.04C1㎡
102동,33층,33,3303,114A,114.57,34.66,공급 114.57A㎡
102동,33층,33,3304,113B,113.93,34.46,공급 113.93B㎡
102동,33층,33,3305,98C,98.89,29.91,공급 98.89C㎡
102동,32층,32,3201,99B,99.05,29.96,공급 99.05B㎡
102동,32층,32,3202,98C1,98.04,29.66,공급 98.04C1㎡
102동,32층,32,3203,114A,114.57,34.66,공급 114.57A㎡
102동,32층,32,3204,113B,113.93,34.46,공급 113.93B㎡
102동,32층,32,3205,98C,98.89,29.91,공급 98.89C㎡
102동,31층,31,3101,99B,99.05,29.96,공급 99.05B㎡
102동,31층,31,3102,98C1,98.04,29.66,공급 98.04C1㎡
102동,31층,31,3103,114A,114.57,34.66,공급 114.57A㎡
102동,31층,31,3104,113B,113.93,34.46,공급 113.93B㎡
102동,31층,31,3105,98C,98.89,29.91,공급 98.89C㎡
102동,30층,30,3001,99B,99.05,29.96,공급 99.05B㎡
102동,30층,30,3002,98C1,98.04,29.66,공급 98.04C1㎡
102동,30층,30,3003,114A,114.57,34.66,공급 114.57A㎡
102동,30층,30,3004,113B,113.93,34.46,공급 113.93B㎡
102동,30층,30,3005,98C,98.89,29.91,공급 98.89C㎡
102동,29층,29,2901,99B,99.05,29.96,공급 99.05B㎡
102동,29층,29,2902,98C1,98.04,29.66,공급 98.04C1㎡
102동,29층,29,2903,114A,114.57,34.66,공급 114.57A㎡
102동,29층,29,2904,113B,113.93,34.46,공급 113.93B㎡
102동,29층,29,2905,98C,98.89,29.91,공급 98.89C㎡
102동,28층,28,2801,99B,99.05,29.96,공급 99.05B㎡
102동,28층,28,2802,98C1,98.04,29.66,공급 98.04C1㎡
102동,28층,28,2803,114A,114.57,34.66,공급 114.57A㎡
102동,28층,28,2804,113B,113.93,34.46,공급 113.93B㎡
102동,28층,28,2805,98C,98.89,29.91,공급 98.89C㎡
102동,27층,27,2701,99B,99.05,29.96,공급 99.05B㎡
102동,27층,27,2702,98C1,98.04,29.66,공급 98.04C1㎡
102동,27층,27,2703,114A,114.57,34.66,공급 114.57A㎡
102동,27층,27,2704,113B,113.93,34.46,공급 113.93B㎡
102동,27층,27,2705,98C,98.89,29.91,공급 98.89C㎡
102동,26층,26,2601,99B,99.05,29.96,공급 99.05B㎡
102동,26층,26,2602,98C1,98.04,29.66,공급 98.04C1㎡
102동,26층,26,2603,114A,114.57,34.66,공급 114.57A㎡
102동,26층,26,2604,113B,113.93,34.46,공급 113.93B㎡
102동,26층,26,2605,98C,98.89,29.91,공급 98.89C㎡
102동,25층,25,2501,99B,99.05,29.96,공급 99.05B㎡
102동,25층,25,2502,98C1,98.04,29.66,공급 98.04C1㎡
102동,25층,25,2503,114A,114.57,34.66,공급 114.57A㎡
102동,25층,25,2504,113B,113.93,34.46,공급 113.93B㎡
102동,25층,25,2505,98C,98.89,29.91,공급 98.89C㎡
102동,24층,24,2401,99B,99.05,29.96,공급 99.05B㎡
102동,24층,24,2402,98C1,98.04,29.66,공급 98.04C1㎡
102동,24층,24,2403,114A,114.57,34.66,공급 114.57A㎡
102동,24층,24,2404,113B,113.93,34.46,공급 113.93B㎡
102동,24층,24,2405,98C,98.89,29.91,공급 98.89C㎡
102동,23층,23,2301,99B,99.05,29.96,공급 99.05B㎡
102동,23층,23,2302,98C1,98.04,29.66,공급 98.04C1㎡
102동,23층,23,2303,114A,114.57,34.66,공급 114.57A㎡
102동,23층,23,2304,113B,113.93,34.46,공급 113.93B㎡
102동,23층,23,2305,98C,98.89,29.91,공급 98.89C㎡
102동,22층,22,2201,99B,99.05,29.96,공급 99.05B㎡
102동,22층,22,2202,98C1,98.04,29.66,공급 98.04C1㎡
102동,22층,22,2203,114A,114.57,34.66,공급 114.57A㎡
102동,22층,22,2204,113B,113.93,34.46,공급 113.93B㎡
102동,22층,22,2205,98C,98.89,29.91,공급 98.89C㎡
102동,21층,21,2101,99B,99.05,29.96,공급 99.05B㎡
102동,21층,21,2102,98C1,98.04,29.66,공급 98.04C1㎡
102동,21층,21,2103,114A,114.57,34.66,공급 114.57A㎡
102동,21층,21,2104,113B,113.93,34.46,공급 113.93B㎡
102동,21층,21,2105,98C,98.89,29.91,공급 98.89C㎡
102동,20층,20,2001,99B,99.05,29.96,공급 99.05B㎡
102동,20층,20,2002,98C1,98.04,29.66,공급 98.04C1㎡
102동,20층,20,2003,114A,114.57,34.66,공급 114.57A㎡
102동,20층,20,2004,113B,113.93,34.46,공급 113.93B㎡
102동,20층,20,2005,98C,98.89,29.91,공급 98.89C㎡
102동,19층,19,1901,99B,99.05,29.96,공급 99.05B㎡
102동,19층,19,1902,98C1,98.04,29.66,공급 98.04C1㎡
102동,19층,19,1903,114A,114.57,34.66,공급 114.57A㎡
102동,19층,19,1904,113B,113.93,34.46,공급 113.93B㎡
102동,19층,19,1905,98C,98.89,29.91,공급 98.89C㎡
102동,18층,18,1801,99B,99.05,29.96,공급 99.05B㎡
102동,18층,18,1802,98C1,98.04,29.66,공급 98.04C1㎡
102동,18층,18,1803,114A,114.57,34.66,공급 114.57A㎡
102동,18층,18,1804,113B,113.93,34.46,공급 113.93B㎡
102동,18층,18,1805,98C,98.89,29.91,공급 98.89C㎡
102동,17층,17,1701,99B,99.05,29.96,공급 99.05B㎡
102동,17층,17,1702,98C1,98.04,29.66,공급 98.04C1㎡
102동,17층,17,1703,114A,114.57,34.66,공급 114.57A㎡
102동,17층,17,1704,113B,113.93,34.46,공급 113.93B㎡
102동,17층,17,1705,98C,98.89,29.91,공급 98.89C㎡
102동,16층,16,1601,99B,99.05,29.96,공급 99.05B㎡
102동,16층,16,1602,98C1,98.04,29.66,공급 98.04C1㎡
102동,16층,16,1603,114A,114.57,34.66,공급 114.57A㎡
102동,16층,16,1604,113B,113.93,34.46,공급 113.93B㎡
102동,16층,16,1605,98C,98.89,29.91,공급 98.89C㎡
102동,15층,15,1501,99B,99.05,29.96,공급 99.05B㎡
102동,15층,15,1502,98C1,98.04,29.66,공급 98.04C1㎡
102동,15층,15,1503,114A,114.57,34.66,공급 114.57A㎡
102동,15층,15,1504,113B,113.93,34.46,공급 113.93B㎡
102동,15층,15,1505,98C,98.89,29.91,공급 98.89C㎡
102동,14층,14,1401,99B,99.05,29.96,공급 99.05B㎡
102동,14층,14,1402,98C1,98.04,29.66,공급 98.04C1㎡
102동,14층,14,1403,114A,114.57,34.66,공급 114.57A㎡
102동,14층,14,1404,113B,113.93,34.46,공급 113.93B㎡
102동,14층,14,1405,98C,98.89,29.91,공급 98.89C㎡
102동,13층,13,1301,99B,99.05,29.96,공급 99.05B㎡
102동,13층,13,1302,98C1,98.04,29.66,공급 98.04C1㎡
102동,13층,13,1303,114A,114.57,34.66,공급 114.57A㎡
102동,13층,13,1304,113B,113.93,34.46,공급 113.93B㎡
102동,13층,13,1305,98C,98.89,29.91,공급 98.89C㎡
102동,12층,12,1201,99B,99.05,29.96,공급 99.05B㎡
102동,12층,12,1202,98C1,98.04,29.66,공급 98.04C1㎡
102동,12층,12,1203,114A,114.57,34.66,공급 114.57A㎡
102동,12층,12,1204,113B,113.93,34.46,공급 113.93B㎡
102동,12층,12,1205,98C,98.89,29.91,공급 98.89C㎡
102동,11층,11,1101,99B,99.05,29.96,공급 99.05B㎡
102동,11층,11,1102,98C1,98.04,29.66,공급 98.04C1㎡
102동,11층,11,1103,114A,114.57,34.66,공급 114.57A㎡
102동,11층,11,1104,113B,113.93,34.46,공급 113.93B㎡
102동,11층,11,1105,98C,98.89,29.91,공급 98.89C㎡
102동,10층,10,1001,99B,99.05,29.96,공급 99.05B㎡
102동,10층,10,1002,98C1,98.04,29.66,공급 98.04C1㎡
102동,10층,10,1003,114A,114.57,34.66,공급 114.57A㎡
102동,10층,10,1004,113B,113.93,34.46,공급 113.93B㎡
102동,10층,10,1005,98C,98.89,29.91,공급 98.89C㎡
102동,9층,9,901,99B,99.05,29.96,공급 99.05B㎡
102동,9층,9,902,98C1,98.04,29.66,공급 98.04C1㎡
102동,9층,9,903,114A,114.57,34.66,공급 114.57A㎡
102동,9층,9,904,113B,113.93,34.46,공급 113.93B㎡
102동,9층,9,905,98C,98.89,29.91,공급 98.89C㎡
102동,8층,8,801,99B,99.05,29.96,공급 99.05B㎡
102동,8층,8,802,98C1,98.04,29.66,공급 98.04C1㎡
102동,8층,8,803,114A,114.57,34.66,공급 114.57A㎡
102동,8층,8,804,113B,113.93,34.46,공급 113.93B㎡
102동,8층,8,805,98C,98.89,29.91,공급 98.89C㎡
102동,7층,7,701,99B,99.05,29.96,공급 99.05B㎡
102동,7층,7,702,98C1,98.04,29.66,공급 98.04C1㎡
102동,7층,7,703,114A,114.57,34.66,공급 114.57A㎡
102동,7층,7,704,113B,113.93,34.46,공급 113.93B㎡
102동,7층,7,705,98C,98.89,29.91,공급 98.89C㎡
102동,6층,6,601,99B,99.05,29.96,공급 99.05B㎡
102동,6층,6,602,98C1,98.04,29.66,공급 98.04C1㎡
102동,6층,6,603,114A,114.57,34.66,공급 114.57A㎡
102동,6층,6,604,113B,113.93,34.46,공급 113.93B㎡
102동,6층,6,605,98C,98.89,29.91,공급 98.89C㎡
102동,5층,5,501,99B,99.05,29.96,공급 99.05B㎡
102동,5층,5,502,98C1,98.04,29.66,공급 98.04C1㎡
102동,5층,5,503,114A,114.57,34.66,공급 114.57A㎡
102동,5층,5,504,113B,113.93,34.46,공급 113.93B㎡
102동,5층,5,505,98C,98.89,29.91,공급 98.89C㎡
102동,4층,4,401,99B,99.05,29.96,공급 99.05B㎡
102동,4층,4,402,98C1,98.04,29.66,공급 98.04C1㎡
102동,4층,4,403,114A,114.57,34.66,공급 114.57A㎡
102동,4층,4,404,113B,113.93,34.46,공급 113.93B㎡
102동,4층,4,405,98C,98.89,29.91,공급 98.89C㎡
102동,3층,3,301,99B,99.05,29.96,공급 99.05B㎡
102동,3층,3,302,98C1,98.04,29.66,공급 98.04C1㎡
102동,3층,3,303,114A,114.57,34.66,공급 114.57A㎡
102동,3층,3,304,113B,113.93,34.46,공급 113.93B㎡
102동,3층,3,305,98C,98.89,29.91,공급 98.89C㎡
102동,2층,2,201,99B,99.05,29.96,공급 99.05B㎡
102동,2층,2,202,98C1,98.04,29.66,공급 98.04C1㎡
102동,2층,2,203,114A,114.57,34.66,공급 114.57A㎡
102동,2층,2,204,113B,113.93,34.46,공급 113.93B㎡
102동,2층,2,205,98C,98.89,29.91,공급 98.89C㎡
102동,1층,1,102,98C1,98.04,29.66,공급 98.04C1㎡
102동,1층,1,103,114A,114.57,34.66,공급 114.57A㎡
102동,1층,1,104,113B,113.93,34.46,공급 113.93B㎡
103동,34층,34,3402,98C1,98.04,29.66,공급 98.04C1㎡
103동,34층,34,3403,114A,114.57,34.66,공급 114.57A㎡
103동,33층,33,3302,98C1,98.04,29.66,공급 98.04C1㎡
103동,33층,33,3303,114A,114.57,34.66,공급 114.57A㎡
103동,32층,32,3202,98C1,98.04,29.66,공급 98.04C1㎡
103동,32층,32,3203,114A,114.57,34.66,공급 114.57A㎡
103동,31층,31,3101,114A,114.57,34.66,공급 114.57A㎡
103동,31층,31,3102,98C1,98.04,29.66,공급 98.04C1㎡
103동,31층,31,3103,114A,114.57,34.66,공급 114.57A㎡
103동,30층,30,3001,114A,114.57,34.66,공급 114.57A㎡
103동,30층,30,3002,98C1,98.04,29.66,공급 98.04C1㎡
103동,30층,30,3003,114A,114.57,34.66,공급 114.57A㎡
103동,29층,29,2901,114A,114.57,34.66,공급 114.57A㎡
103동,29층,29,2902,98C1,98.04,29.66,공급 98.04C1㎡
103동,29층,29,2903,114A,114.57,34.66,공급 114.57A㎡
103동,28층,28,2801,114A,114.57,34.66,공급 114.57A㎡
103동,28층,28,2802,98C1,98.04,29.66,공급 98.04C1㎡
103동,28층,28,2803,114A,114.57,34.66,공급 114.57A㎡
103동,27층,27,2701,114A,114.57,34.66,공급 114.57A㎡
103동,27층,27,2702,98C1,98.04,29.66,공급 98.04C1㎡
103동,27층,27,2703,114A,114.57,34.66,공급 114.57A㎡
103동,26층,26,2601,114A,114.57,34.66,공급 114.57A㎡
103동,26층,26,2602,98C1,98.04,29.66,공급 98.04C1㎡
103동,26층,26,2603,114A,114.57,34.66,공급 114.57A㎡
103동,25층,25,2501,114A,114.57,34.66,공급 114.57A㎡
103동,25층,25,2502,98C1,98.04,29.66,공급 98.04C1㎡
103동,25층,25,2503,114A,114.57,34.66,공급 114.57A㎡
103동,24층,24,2401,114A,114.57,34.66,공급 114.57A㎡
103동,24층,24,2402,98C1,98.04,29.66,공급 98.04C1㎡
103동,24층,24,2403,114A,114.57,34.66,공급 114.57A㎡
103동,23층,23,2301,114A,114.57,34.66,공급 114.57A㎡
103동,23층,23,2302,98C1,98.04,29.66,공급 98.04C1㎡
103동,23층,23,2303,114A,114.57,34.66,공급 114.57A㎡
103동,22층,22,2201,114A,114.57,34.66,공급 114.57A㎡
103동,22층,22,2202,98C1,98.04,29.66,공급 98.04C1㎡
103동,22층,22,2203,114A,114.57,34.66,공급 114.57A㎡
103동,21층,21,2101,114A,114.57,34.66,공급 114.57A㎡
103동,21층,21,2102,98C1,98.04,29.66,공급 98.04C1㎡
103동,21층,21,2103,114A,114.57,34.66,공급 114.57A㎡
103동,20층,20,2001,114A,114.57,34.66,공급 114.57A㎡
103동,20층,20,2002,98C1,98.04,29.66,공급 98.04C1㎡
103동,20층,20,2003,114A,114.57,34.66,공급 114.57A㎡
103동,19층,19,1901,114A,114.57,34.66,공급 114.57A㎡
103동,19층,19,1902,98C1,98.04,29.66,공급 98.04C1㎡
103동,19층,19,1903,114A,114.57,34.66,공급 114.57A㎡
103동,18층,18,1801,114A,114.57,34.66,공급 114.57A㎡
103동,18층,18,1802,98C1,98.04,29.66,공급 98.04C1㎡
103동,18층,18,1803,114A,114.57,34.66,공급 114.57A㎡
103동,17층,17,1701,114A,114.57,34.66,공급 114.57A㎡
103동,17층,17,1702,98C1,98.04,29.66,공급 98.04C1㎡
103동,17층,17,1703,114A,114.57,34.66,공급 114.57A㎡
103동,16층,16,1601,114A,114.57,34.66,공급 114.57A㎡
103동,16층,16,1602,98C1,98.04,29.66,공급 98.04C1㎡
103동,16층,16,1603,114A,114.57,34.66,공급 114.57A㎡
103동,15층,15,1501,114A,114.57,34.66,공급 114.57A㎡
103동,15층,15,1502,98C1,98.04,29.66,공급 98.04C1㎡
103동,15층,15,1503,114A,114.57,34.66,공급 114.57A㎡
103동,14층,14,1401,114A,114.57,34.66,공급 114.57A㎡
103동,14층,14,1402,98C1,98.04,29.66,공급 98.04C1㎡
103동,14층,14,1403,114A,114.57,34.66,공급 114.57A㎡
103동,13층,13,1301,114A,114.57,34.66,공급 114.57A㎡
103동,13층,13,1302,98C1,98.04,29.66,공급 98.04C1㎡
103동,13층,13,1303,114A,114.57,34.66,공급 114.57A㎡
103동,12층,12,1201,114A,114.57,34.66,공급 114.57A㎡
103동,12층,12,1202,98C1,98.04,29.66,공급 98.04C1㎡
103동,12층,12,1203,114A,114.57,34.66,공급 114.57A㎡
103동,11층,11,1101,114A,114.57,34.66,공급 114.57A㎡
103동,11층,11,1102,98C1,98.04,29.66,공급 98.04C1㎡
103동,11층,11,1103,114A,114.57,34.66,공급 114.57A㎡
103동,10층,10,1001,114A,114.57,34.66,공급 114.57A㎡
103동,10층,10,1002,98C1,98.04,29.66,공급 98.04C1㎡
103동,10층,10,1003,114A,114.57,34.66,공급 114.57A㎡
103동,9층,9,901,114A,114.57,34.66,공급 114.57A㎡
103동,9층,9,902,98C1,98.04,29.66,공급 98.04C1㎡
103동,9층,9,903,114A,114.57,34.66,공급 114.57A㎡
103동,8층,8,801,114A,114.57,34.66,공급 114.57A㎡
103동,8층,8,802,98C1,98.04,29.66,공급 98.04C1㎡
103동,8층,8,803,114A,114.57,34.66,공급 114.57A㎡
103동,7층,7,701,114A,114.57,34.66,공급 114.57A㎡
103동,7층,7,702,98C1,98.04,29.66,공급 98.04C1㎡
103동,7층,7,703,114A,114.57,34.66,공급 114.57A㎡
103동,6층,6,601,114A,114.57,34.66,공급 114.57A㎡
103동,6층,6,602,98C1,98.04,29.66,공급 98.04C1㎡
103동,6층,6,603,114A,114.57,34.66,공급 114.57A㎡
103동,5층,5,501,114A,114.57,34.66,공급 114.57A㎡
103동,5층,5,502,98C1,98.04,29.66,공급 98.04C1㎡
103동,5층,5,503,114A,114.57,34.66,공급 114.57A㎡
103동,4층,4,401,114A,114.57,34.66,공급 114.57A㎡
103동,4층,4,402,98C1,98.04,29.66,공급 98.04C1㎡
103동,4층,4,403,114A,114.57,34.66,공급 114.57A㎡
103동,3층,3,301,114A,114.57,34.66,공급 114.57A㎡
103동,3층,3,302,98C1,98.04,29.66,공급 98.04C1㎡
103동,3층,3,303,114A,114.57,34.66,공급 114.57A㎡
103동,2층,2,201,114A,114.57,34.66,공급 114.57A㎡
103동,2층,2,202,98C1,98.04,29.66,공급 98.04C1㎡
103동,2층,2,203,114A,114.57,34.66,공급 114.57A㎡
103동,1층,1,101,114A,114.57,34.66,공급 114.57A㎡
103동,1층,1,102,98C1,98.04,29.66,공급 98.04C1㎡
104동,25층,25,2501,82A1,82.52,24.96,공급 82.52A1㎡
104동,25층,25,2502,82D,82.76,25.03,공급 82.76D㎡
104동,25층,25,2503,82A,82.31,24.9,공급 82.31A㎡
104동,25층,25,2504,82A,82.31,24.9,공급 82.31A㎡
104동,25층,25,2505,82C,82.79,25.04,공급 82.79C㎡
104동,24층,24,2401,82A1,82.52,24.96,공급 82.52A1㎡
104동,24층,24,2402,82D,82.76,25.03,공급 82.76D㎡
104동,24층,24,2403,82A,82.31,24.9,공급 82.31A㎡
104동,24층,24,2404,82A,82.31,24.9,공급 82.31A㎡
104동,24층,24,2405,82C,82.79,25.04,공급 82.79C㎡
104동,23층,23,2301,82A1,82.52,24.96,공급 82.52A1㎡
104동,23층,23,2302,82D,82.76,25.03,공급 82.76D㎡
104동,23층,23,2303,82A,82.31,24.9,공급 82.31A㎡
104동,23층,23,2304,82A,82.31,24.9,공급 82.31A㎡
104동,23층,23,2305,82C,82.79,25.04,공급 82.79C㎡
104동,22층,22,2201,82A1,82.52,24.96,공급 82.52A1㎡
104동,22층,22,2202,82D,82.76,25.03,공급 82.76D㎡
104동,22층,22,2203,82A,82.31,24.9,공급 82.31A㎡
104동,22층,22,2204,82A,82.31,24.9,공급 82.31A㎡
104동,22층,22,2205,82C,82.79,25.04,공급 82.79C㎡
104동,21층,21,2101,82A1,82.52,24.96,공급 82.52A1㎡
104동,21층,21,2102,82D,82.76,25.03,공급 82.76D㎡
104동,21층,21,2103,82A,82.31,24.9,공급 82.31A㎡
104동,21층,21,2104,82A,82.31,24.9,공급 82.31A㎡
104동,21층,21,2105,82C,82.79,25.04,공급 82.79C㎡
104동,20층,20,2001,82A1,82.52,24.96,공급 82.52A1㎡
104동,20층,20,2002,82D,82.76,25.03,공급 82.76D㎡
104동,20층,20,2003,82A,82.31,24.9,공급 82.31A㎡
104동,20층,20,2004,82A,82.31,24.9,공급 82.31A㎡
104동,20층,20,2005,82C,82.79,25.04,공급 82.79C㎡
104동,19층,19,1901,82A1,82.52,24.96,공급 82.52A1㎡
104동,19층,19,1902,82D,82.76,25.03,공급 82.76D㎡
104동,19층,19,1903,82A,82.31,24.9,공급 82.31A㎡
104동,19층,19,1904,82A,82.31,24.9,공급 82.31A㎡
104동,19층,19,1905,82C,82.79,25.04,공급 82.79C㎡
104동,18층,18,1801,82A1,82.52,24.96,공급 82.52A1㎡
104동,18층,18,1802,82D,82.76,25.03,공급 82.76D㎡
104동,18층,18,1803,82A,82.31,24.9,공급 82.31A㎡
104동,18층,18,1804,82A,82.31,24.9,공급 82.31A㎡
104동,18층,18,1805,82C,82.79,25.04,공급 82.79C㎡
104동,17층,17,1701,82A1,82.52,24.96,공급 82.52A1㎡
104동,17층,17,1702,82D,82.76,25.03,공급 82.76D㎡
104동,17층,17,1703,82A,82.31,24.9,공급 82.31A㎡
104동,17층,17,1704,82A,82.31,24.9,공급 82.31A㎡
104동,17층,17,1705,82C,82.79,25.04,공급 82.79C㎡
104동,16층,16,1601,82A1,82.52,24.96,공급 82.52A1㎡
104동,16층,16,1602,82D,82.76,25.03,공급 82.76D㎡
104동,16층,16,1603,82A,82.31,24.9,공급 82.31A㎡
104동,16층,16,1604,82A,82.31,24.9,공급 82.31A㎡
104동,16층,16,1605,82C,82.79,25.04,공급 82.79C㎡
104동,15층,15,1501,82A1,82.52,24.96,공급 82.52A1㎡
104동,15층,15,1502,82D,82.76,25.03,공급 82.76D㎡
104동,15층,15,1503,82A,82.31,24.9,공급 82.31A㎡
104동,15층,15,1504,82A,82.31,24.9,공급 82.31A㎡
104동,15층,15,1505,82C,82.79,25.04,공급 82.79C㎡
104동,14층,14,1401,82A1,82.52,24.96,공급 82.52A1㎡
104동,14층,14,1402,82D,82.76,25.03,공급 82.76D㎡
104동,14층,14,1403,82A,82.31,24.9,공급 82.31A㎡
104동,14층,14,1404,82A,82.31,24.9,공급 82.31A㎡
104동,14층,14,1405,82C,82.79,25.04,공급 82.79C㎡
104동,13층,13,1301,82A1,82.52,24.96,공급 82.52A1㎡
104동,13층,13,1302,82D,82.76,25.03,공급 82.76D㎡
104동,13층,13,1303,82A,82.31,24.9,공급 82.31A㎡
104동,13층,13,1304,82A,82.31,24.9,공급 82.31A㎡
104동,13층,13,1305,82C,82.79,25.04,공급 82.79C㎡
104동,12층,12,1201,82A1,82.52,24.96,공급 82.52A1㎡
104동,12층,12,1202,82D,82.76,25.03,공급 82.76D㎡
104동,12층,12,1203,82A,82.31,24.9,공급 82.31A㎡
104동,12층,12,1204,82A,82.31,24.9,공급 82.31A㎡
104동,12층,12,1205,82C,82.79,25.04,공급 82.79C㎡
104동,11층,11,1101,82A1,82.52,24.96,공급 82.52A1㎡
104동,11층,11,1102,82D,82.76,25.03,공급 82.76D㎡
104동,11층,11,1103,82A,82.31,24.9,공급 82.31A㎡
104동,11층,11,1104,82A,82.31,24.9,공급 82.31A㎡
104동,11층,11,1105,82C,82.79,25.04,공급 82.79C㎡
104동,10층,10,1001,82A1,82.52,24.96,공급 82.52A1㎡
104동,10층,10,1002,82D,82.76,25.03,공급 82.76D㎡
104동,10층,10,1003,82A,82.31,24.9,공급 82.31A㎡
104동,10층,10,1004,82A,82.31,24.9,공급 82.31A㎡
104동,10층,10,1005,82C,82.79,25.04,공급 82.79C㎡
104동,9층,9,901,82A1,82.52,24.96,공급 82.52A1㎡
104동,9층,9,902,82D,82.76,25.03,공급 82.76D㎡
104동,9층,9,903,82A,82.31,24.9,공급 82.31A㎡
104동,9층,9,904,82A,82.31,24.9,공급 82.31A㎡
104동,9층,9,905,82C,82.79,25.04,공급 82.79C㎡
104동,8층,8,801,82A1,82.52,24.96,공급 82.52A1㎡
104동,8층,8,802,82D,82.76,25.03,공급 82.76D㎡
104동,8층,8,803,82A,82.31,24.9,공급 82.31A㎡
104동,8층,8,804,82A,82.31,24.9,공급 82.31A㎡
104동,8층,8,805,82C,82.79,25.04,공급 82.79C㎡
104동,7층,7,701,82A1,82.52,24.96,공급 82.52A1㎡
104동,7층,7,702,82D,82.76,25.03,공급 82.76D㎡
104동,7층,7,703,82A,82.31,24.9,공급 82.31A㎡
104동,7층,7,704,82A,82.31,24.9,공급 82.31A㎡
104동,7층,7,705,82C,82.79,25.04,공급 82.79C㎡
104동,6층,6,601,82A1,82.52,24.96,공급 82.52A1㎡
104동,6층,6,602,82D,82.76,25.03,공급 82.76D㎡
104동,6층,6,603,82A,82.31,24.9,공급 82.31A㎡
104동,6층,6,604,82A,82.31,24.9,공급 82.31A㎡
104동,6층,6,605,82C,82.79,25.04,공급 82.79C㎡
104동,5층,5,501,82A1,82.52,24.96,공급 82.52A1㎡
104동,5층,5,502,82D,82.76,25.03,공급 82.76D㎡
104동,5층,5,503,82A,82.31,24.9,공급 82.31A㎡
104동,5층,5,504,82A,82.31,24.9,공급 82.31A㎡
104동,5층,5,505,82C,82.79,25.04,공급 82.79C㎡
104동,4층,4,401,82A1,82.52,24.96,공급 82.52A1㎡
104동,4층,4,402,82D,82.76,25.03,공급 82.76D㎡
104동,4층,4,403,82A,82.31,24.9,공급 82.31A㎡
104동,4층,4,404,82A,82.31,24.9,공급 82.31A㎡
104동,4층,4,405,82C,82.79,25.04,공급 82.79C㎡
104동,3층,3,301,82A1,82.52,24.96,공급 82.52A1㎡
104동,3층,3,302,82D,82.76,25.03,공급 82.76D㎡
104동,3층,3,303,82A,82.31,24.9,공급 82.31A㎡
104동,3층,3,304,82A,82.31,24.9,공급 82.31A㎡
104동,3층,3,305,82C,82.79,25.04,공급 82.79C㎡
104동,2층,2,201,82A1,82.52,24.96,공급 82.52A1㎡
104동,2층,2,202,82D,82.76,25.03,공급 82.76D㎡
104동,2층,2,203,82A,82.31,24.9,공급 82.31A㎡
104동,2층,2,204,82A,82.31,24.9,공급 82.31A㎡
104동,2층,2,205,82C,82.79,25.04,공급 82.79C㎡
104동,1층,1,102,82D,82.76,25.03,공급 82.76D㎡
104동,1층,1,103,82A,82.31,24.9,공급 82.31A㎡
104동,1층,1,105,82C,82.79,25.04,공급 82.79C㎡
105동,35층,35,3501,82A,82.31,24.9,공급 82.31A㎡
105동,35층,35,3502,82C,82.79,25.04,공급 82.79C㎡
105동,35층,35,3503,82A1,82.52,24.96,공급 82.52A1㎡
105동,35층,35,3504,82A,82.31,24.9,공급 82.31A㎡
105동,35층,35,3505,82C,82.79,25.04,공급 82.79C㎡
105동,34층,34,3401,82A,82.31,24.9,공급 82.31A㎡
105동,34층,34,3402,82C,82.79,25.04,공급 82.79C㎡
105동,34층,34,3403,82A1,82.52,24.96,공급 82.52A1㎡
105동,34층,34,3404,82A,82.31,24.9,공급 82.31A㎡
105동,34층,34,3405,82C,82.79,25.04,공급 82.79C㎡
105동,33층,33,3301,82A,82.31,24.9,공급 82.31A㎡
105동,33층,33,3302,82C,82.79,25.04,공급 82.79C㎡
105동,33층,33,3303,82A1,82.52,24.96,공급 82.52A1㎡
105동,33층,33,3304,82A,82.31,24.9,공급 82.31A㎡
105동,33층,33,3305,82C,82.79,25.04,공급 82.79C㎡
105동,32층,32,3201,82A,82.31,24.9,공급 82.31A㎡
105동,32층,32,3202,82C,82.79,25.04,공급 82.79C㎡
105동,32층,32,3203,82A1,82.52,24.96,공급 82.52A1㎡
105동,32층,32,3204,82A,82.31,24.9,공급 82.31A㎡
105동,32층,32,3205,82C,82.79,25.04,공급 82.79C㎡
105동,31층,31,3101,82A,82.31,24.9,공급 82.31A㎡
105동,31층,31,3102,82C,82.79,25.04,공급 82.79C㎡
105동,31층,31,3103,82A1,82.52,24.96,공급 82.52A1㎡
105동,31층,31,3104,82A,82.31,24.9,공급 82.31A㎡
105동,31층,31,3105,82C,82.79,25.04,공급 82.79C㎡
105동,30층,30,3001,82A,82.31,24.9,공급 82.31A㎡
105동,30층,30,3002,82C,82.79,25.04,공급 82.79C㎡
105동,30층,30,3003,82A1,82.52,24.96,공급 82.52A1㎡
105동,30층,30,3004,82A,82.31,24.9,공급 82.31A㎡
105동,30층,30,3005,82C,82.79,25.04,공급 82.79C㎡
105동,29층,29,2901,82A,82.31,24.9,공급 82.31A㎡
105동,29층,29,2902,82C,82.79,25.04,공급 82.79C㎡
105동,29층,29,2903,82A1,82.52,24.96,공급 82.52A1㎡
105동,29층,29,2904,82A,82.31,24.9,공급 82.31A㎡
105동,29층,29,2905,82C,82.79,25.04,공급 82.79C㎡
105동,28층,28,2801,82A,82.31,24.9,공급 82.31A㎡
105동,28층,28,2802,82C,82.79,25.04,공급 82.79C㎡
105동,28층,28,2803,82A1,82.52,24.96,공급 82.52A1㎡
105동,28층,28,2804,82A,82.31,24.9,공급 82.31A㎡
105동,28층,28,2805,82C,82.79,25.04,공급 82.79C㎡
105동,27층,27,2701,82A,82.31,24.9,공급 82.31A㎡
105동,27층,27,2702,82C,82.79,25.04,공급 82.79C㎡
105동,27층,27,2703,82A1,82.52,24.96,공급 82.52A1㎡
105동,27층,27,2704,82A,82.31,24.9,공급 82.31A㎡
105동,27층,27,2705,82C,82.79,25.04,공급 82.79C㎡
105동,26층,26,2601,82A,82.31,24.9,공급 82.31A㎡
105동,26층,26,2602,82C,82.79,25.04,공급 82.79C㎡
105동,26층,26,2603,82A1,82.52,24.96,공급 82.52A1㎡
105동,26층,26,2604,82A,82.31,24.9,공급 82.31A㎡
105동,26층,26,2605,82C,82.79,25.04,공급 82.79C㎡
105동,25층,25,2501,82A,82.31,24.9,공급 82.31A㎡
105동,25층,25,2502,82C,82.79,25.04,공급 82.79C㎡
105동,25층,25,2503,82A1,82.52,24.96,공급 82.52A1㎡
105동,25층,25,2504,82A,82.31,24.9,공급 82.31A㎡
105동,25층,25,2505,82C,82.79,25.04,공급 82.79C㎡
105동,24층,24,2401,82A,82.31,24.9,공급 82.31A㎡
105동,24층,24,2402,82C,82.79,25.04,공급 82.79C㎡
105동,24층,24,2403,82A1,82.52,24.96,공급 82.52A1㎡
105동,24층,24,2404,82A,82.31,24.9,공급 82.31A㎡
105동,24층,24,2405,82C,82.79,25.04,공급 82.79C㎡
105동,23층,23,2301,82A,82.31,24.9,공급 82.31A㎡
105동,23층,23,2302,82C,82.79,25.04,공급 82.79C㎡
105동,23층,23,2303,82A1,82.52,24.96,공급 82.52A1㎡
105동,23층,23,2304,82A,82.31,24.9,공급 82.31A㎡
105동,23층,23,2305,82C,82.79,25.04,공급 82.79C㎡
105동,22층,22,2201,82A,82.31,24.9,공급 82.31A㎡
105동,22층,22,2202,82C,82.79,25.04,공급 82.79C㎡
105동,22층,22,2203,82A1,82.52,24.96,공급 82.52A1㎡
105동,22층,22,2204,82A,82.31,24.9,공급 82.31A㎡
105동,22층,22,2205,82C,82.79,25.04,공급 82.79C㎡
105동,21층,21,2101,82A,82.31,24.9,공급 82.31A㎡
105동,21층,21,2102,82C,82.79,25.04,공급 82.79C㎡
105동,21층,21,2103,82A1,82.52,24.96,공급 82.52A1㎡
105동,21층,21,2104,82A,82.31,24.9,공급 82.31A㎡
105동,21층,21,2105,82C,82.79,25.04,공급 82.79C㎡
105동,20층,20,2001,82A,82.31,24.9,공급 82.31A㎡
105동,20층,20,2002,82C,82.79,25.04,공급 82.79C㎡
105동,20층,20,2003,82A1,82.52,24.96,공급 82.52A1㎡
105동,20층,20,2004,82A,82.31,24.9,공급 82.31A㎡
105동,20층,20,2005,82C,82.79,25.04,공급 82.79C㎡
105동,19층,19,1901,82A,82.31,24.9,공급 82.31A㎡
105동,19층,19,1902,82C,82.79,25.04,공급 82.79C㎡
105동,19층,19,1903,82A1,82.52,24.96,공급 82.52A1㎡
105동,19층,19,1904,82A,82.31,24.9,공급 82.31A㎡
105동,19층,19,1905,82C,82.79,25.04,공급 82.79C㎡
105동,18층,18,1801,82A,82.31,24.9,공급 82.31A㎡
105동,18층,18,1802,82C,82.79,25.04,공급 82.79C㎡
105동,18층,18,1803,82A1,82.52,24.96,공급 82.52A1㎡
105동,18층,18,1804,82A,82.31,24.9,공급 82.31A㎡
105동,18층,18,1805,82C,82.79,25.04,공급 82.79C㎡
105동,17층,17,1701,82A,82.31,24.9,공급 82.31A㎡
105동,17층,17,1702,82C,82.79,25.04,공급 82.79C㎡
105동,17층,17,1703,82A1,82.52,24.96,공급 82.52A1㎡
105동,17층,17,1704,82A,82.31,24.9,공급 82.31A㎡
105동,17층,17,1705,82C,82.79,25.04,공급 82.79C㎡
105동,16층,16,1601,82A,82.31,24.9,공급 82.31A㎡
105동,16층,16,1602,82C,82.79,25.04,공급 82.79C㎡
105동,16층,16,1603,82A1,82.52,24.96,공급 82.52A1㎡
105동,16층,16,1604,82A,82.31,24.9,공급 82.31A㎡
105동,16층,16,1605,82C,82.79,25.04,공급 82.79C㎡
105동,15층,15,1501,82A,82.31,24.9,공급 82.31A㎡
105동,15층,15,1502,82C,82.79,25.04,공급 82.79C㎡
105동,15층,15,1503,82A1,82.52,24.96,공급 82.52A1㎡
105동,15층,15,1504,82A,82.31,24.9,공급 82.31A㎡
105동,15층,15,1505,82C,82.79,25.04,공급 82.79C㎡
105동,14층,14,1401,82A,82.31,24.9,공급 82.31A㎡
105동,14층,14,1402,82C,82.79,25.04,공급 82.79C㎡
105동,14층,14,1403,82A1,82.52,24.96,공급 82.52A1㎡
105동,14층,14,1404,82A,82.31,24.9,공급 82.31A㎡
105동,14층,14,1405,82C,82.79,25.04,공급 82.79C㎡
105동,13층,13,1301,82A,82.31,24.9,공급 82.31A㎡
105동,13층,13,1302,82C,82.79,25.04,공급 82.79C㎡
105동,13층,13,1303,82A1,82.52,24.96,공급 82.52A1㎡
105동,13층,13,1304,82A,82.31,24.9,공급 82.31A㎡
105동,13층,13,1305,82C,82.79,25.04,공급 82.79C㎡
105동,12층,12,1201,82A,82.31,24.9,공급 82.31A㎡
105동,12층,12,1202,82C,82.79,25.04,공급 82.79C㎡
105동,12층,12,1203,82A1,82.52,24.96,공급 82.52A1㎡
105동,12층,12,1204,82A,82.31,24.9,공급 82.31A㎡
105동,12층,12,1205,82C,82.79,25.04,공급 82.79C㎡
105동,11층,11,1101,82A,82.31,24.9,공급 82.31A㎡
105동,11층,11,1102,82C,82.79,25.04,공급 82.79C㎡
105동,11층,11,1103,82A1,82.52,24.96,공급 82.52A1㎡
105동,11층,11,1104,82A,82.31,24.9,공급 82.31A㎡
105동,11층,11,1105,82C,82.79,25.04,공급 82.79C㎡
105동,10층,10,1001,82A,82.31,24.9,공급 82.31A㎡
105동,10층,10,1002,82C,82.79,25.04,공급 82.79C㎡
105동,10층,10,1003,82A1,82.52,24.96,공급 82.52A1㎡
105동,10층,10,1004,82A,82.31,24.9,공급 82.31A㎡
105동,10층,10,1005,82C,82.79,25.04,공급 82.79C㎡
105동,9층,9,901,82A,82.31,24.9,공급 82.31A㎡
105동,9층,9,902,82C,82.79,25.04,공급 82.79C㎡
105동,9층,9,903,82A1,82.52,24.96,공급 82.52A1㎡
105동,9층,9,904,82A,82.31,24.9,공급 82.31A㎡
105동,9층,9,905,82C,82.79,25.04,공급 82.79C㎡
105동,8층,8,801,82A,82.31,24.9,공급 82.31A㎡
105동,8층,8,802,82C,82.79,25.04,공급 82.79C㎡
105동,8층,8,803,82A1,82.52,24.96,공급 82.52A1㎡
105동,8층,8,804,82A,82.31,24.9,공급 82.31A㎡
105동,8층,8,805,82C,82.79,25.04,공급 82.79C㎡
105동,7층,7,701,82A,82.31,24.9,공급 82.31A㎡
105동,7층,7,702,82C,82.79,25.04,공급 82.79C㎡
105동,7층,7,703,82A1,82.52,24.96,공급 82.52A1㎡
105동,7층,7,704,82A,82.31,24.9,공급 82.31A㎡
105동,7층,7,705,82C,82.79,25.04,공급 82.79C㎡
105동,6층,6,601,82A,82.31,24.9,공급 82.31A㎡
105동,6층,6,602,82C,82.79,25.04,공급 82.79C㎡
105동,6층,6,603,82A1,82.52,24.96,공급 82.52A1㎡
105동,6층,6,604,82A,82.31,24.9,공급 82.31A㎡
105동,6층,6,605,82C,82.79,25.04,공급 82.79C㎡
105동,5층,5,501,82A,82.31,24.9,공급 82.31A㎡
105동,5층,5,502,82C,82.79,25.04,공급 82.79C㎡
105동,5층,5,503,82A1,82.52,24.96,공급 82.52A1㎡
105동,5층,5,504,82A,82.31,24.9,공급 82.31A㎡
105동,5층,5,505,82C,82.79,25.04,공급 82.79C㎡
105동,4층,4,401,82A,82.31,24.9,공급 82.31A㎡
105동,4층,4,402,82C,82.79,25.04,공급 82.79C㎡
105동,4층,4,403,82A1,82.52,24.96,공급 82.52A1㎡
105동,4층,4,404,82A,82.31,24.9,공급 82.31A㎡
105동,4층,4,405,82C,82.79,25.04,공급 82.79C㎡
105동,3층,3,301,82A,82.31,24.9,공급 82.31A㎡
105동,3층,3,302,82C,82.79,25.04,공급 82.79C㎡
105동,3층,3,303,82A1,82.52,24.96,공급 82.52A1㎡
105동,3층,3,304,82A,82.31,24.9,공급 82.31A㎡
105동,3층,3,305,82C,82.79,25.04,공급 82.79C㎡
105동,2층,2,201,82A,82.31,24.9,공급 82.31A㎡
105동,2층,2,202,82C,82.79,25.04,공급 82.79C㎡
105동,2층,2,203,82A1,82.52,24.96,공급 82.52A1㎡
105동,2층,2,204,82A,82.31,24.9,공급 82.31A㎡
105동,2층,2,205,82C,82.79,25.04,공급 82.79C㎡
105동,1층,1,102,82C,82.79,25.04,공급 82.79C㎡
105동,1층,1,103,82A1,82.52,24.96,공급 82.52A1㎡
105동,1층,1,105,82C,82.79,25.04,공급 82.79C㎡
106동,35층,35,3501,99B,99.05,29.96,공급 99.05B㎡
106동,35층,35,3502,98C,98.89,29.91,공급 98.89C㎡
106동,35층,35,3503,114A,114.57,34.66,공급 114.57A㎡
106동,35층,35,3504,113B,113.93,34.46,공급 113.93B㎡
106동,35층,35,3505,98C,98.89,29.91,공급 98.89C㎡
106동,34층,34,3401,99B,99.05,29.96,공급 99.05B㎡
106동,34층,34,3402,98C,98.89,29.91,공급 98.89C㎡
106동,34층,34,3403,114A,114.57,34.66,공급 114.57A㎡
106동,34층,34,3404,113B,113.93,34.46,공급 113.93B㎡
106동,34층,34,3405,98C,98.89,29.91,공급 98.89C㎡
106동,33층,33,3301,99B,99.05,29.96,공급 99.05B㎡
106동,33층,33,3302,98C,98.89,29.91,공급 98.89C㎡
106동,33층,33,3303,114A,114.57,34.66,공급 114.57A㎡
106동,33층,33,3304,113B,113.93,34.46,공급 113.93B㎡
106동,33층,33,3305,98C,98.89,29.91,공급 98.89C㎡
106동,32층,32,3201,99B,99.05,29.96,공급 99.05B㎡
106동,32층,32,3202,98C,98.89,29.91,공급 98.89C㎡
106동,32층,32,3203,114A,114.57,34.66,공급 114.57A㎡
106동,32층,32,3204,113B,113.93,34.46,공급 113.93B㎡
106동,32층,32,3205,98C,98.89,29.91,공급 98.89C㎡
106동,31층,31,3101,99B,99.05,29.96,공급 99.05B㎡
106동,31층,31,3102,98C,98.89,29.91,공급 98.89C㎡
106동,31층,31,3103,114A,114.57,34.66,공급 114.57A㎡
106동,31층,31,3104,113B,113.93,34.46,공급 113.93B㎡
106동,31층,31,3105,98C,98.89,29.91,공급 98.89C㎡
106동,30층,30,3001,99B,99.05,29.96,공급 99.05B㎡
106동,30층,30,3002,98C,98.89,29.91,공급 98.89C㎡
106동,30층,30,3003,114A,114.57,34.66,공급 114.57A㎡
106동,30층,30,3004,113B,113.93,34.46,공급 113.93B㎡
106동,30층,30,3005,98C,98.89,29.91,공급 98.89C㎡
106동,29층,29,2901,99B,99.05,29.96,공급 99.05B㎡
106동,29층,29,2902,98C,98.89,29.91,공급 98.89C㎡
106동,29층,29,2903,114A,114.57,34.66,공급 114.57A㎡
106동,29층,29,2904,113B,113.93,34.46,공급 113.93B㎡
106동,29층,29,2905,98C,98.89,29.91,공급 98.89C㎡
106동,28층,28,2801,99B,99.05,29.96,공급 99.05B㎡
106동,28층,28,2802,98C,98.89,29.91,공급 98.89C㎡
106동,28층,28,2803,114A,114.57,34.66,공급 114.57A㎡
106동,28층,28,2804,113B,113.93,34.46,공급 113.93B㎡
106동,28층,28,2805,98C,98.89,29.91,공급 98.89C㎡
106동,27층,27,2701,99B,99.05,29.96,공급 99.05B㎡
106동,27층,27,2702,98C,98.89,29.91,공급 98.89C㎡
106동,27층,27,2703,114A,114.57,34.66,공급 114.57A㎡
106동,27층,27,2704,113B,113.93,34.46,공급 113.93B㎡
106동,27층,27,2705,98C,98.89,29.91,공급 98.89C㎡
106동,26층,26,2601,99B,99.05,29.96,공급 99.05B㎡
106동,26층,26,2602,98C,98.89,29.91,공급 98.89C㎡
106동,26층,26,2603,114A,114.57,34.66,공급 114.57A㎡
106동,26층,26,2604,113B,113.93,34.46,공급 113.93B㎡
106동,26층,26,2605,98C,98.89,29.91,공급 98.89C㎡
106동,25층,25,2501,99B,99.05,29.96,공급 99.05B㎡
106동,25층,25,2502,98C,98.89,29.91,공급 98.89C㎡
106동,25층,25,2503,114A,114.57,34.66,공급 114.57A㎡
106동,25층,25,2504,113B,113.93,34.46,공급 113.93B㎡
106동,25층,25,2505,98C,98.89,29.91,공급 98.89C㎡
106동,24층,24,2401,99B,99.05,29.96,공급 99.05B㎡
106동,24층,24,2402,98C,98.89,29.91,공급 98.89C㎡
106동,24층,24,2403,114A,114.57,34.66,공급 114.57A㎡
106동,24층,24,2404,113B,113.93,34.46,공급 113.93B㎡
106동,24층,24,2405,98C,98.89,29.91,공급 98.89C㎡
106동,23층,23,2301,99B,99.05,29.96,공급 99.05B㎡
106동,23층,23,2302,98C,98.89,29.91,공급 98.89C㎡
106동,23층,23,2303,114A,114.57,34.66,공급 114.57A㎡
106동,23층,23,2304,113B,113.93,34.46,공급 113.93B㎡
106동,23층,23,2305,98C,98.89,29.91,공급 98.89C㎡
106동,22층,22,2201,99B,99.05,29.96,공급 99.05B㎡
106동,22층,22,2202,98C,98.89,29.91,공급 98.89C㎡
106동,22층,22,2203,114A,114.57,34.66,공급 114.57A㎡
106동,22층,22,2204,113B,113.93,34.46,공급 113.93B㎡
106동,22층,22,2205,98C,98.89,29.91,공급 98.89C㎡
106동,21층,21,2101,99B,99.05,29.96,공급 99.05B㎡
106동,21층,21,2102,98C,98.89,29.91,공급 98.89C㎡
106동,21층,21,2103,114A,114.57,34.66,공급 114.57A㎡
106동,21층,21,2104,113B,113.93,34.46,공급 113.93B㎡
106동,21층,21,2105,98C,98.89,29.91,공급 98.89C㎡
106동,20층,20,2001,99B,99.05,29.96,공급 99.05B㎡
106동,20층,20,2002,98C,98.89,29.91,공급 98.89C㎡
106동,20층,20,2003,114A,114.57,34.66,공급 114.57A㎡
106동,20층,20,2004,113B,113.93,34.46,공급 113.93B㎡
106동,20층,20,2005,98C,98.89,29.91,공급 98.89C㎡
106동,19층,19,1901,99B,99.05,29.96,공급 99.05B㎡
106동,19층,19,1902,98C,98.89,29.91,공급 98.89C㎡
106동,19층,19,1903,114A,114.57,34.66,공급 114.57A㎡
106동,19층,19,1904,113B,113.93,34.46,공급 113.93B㎡
106동,19층,19,1905,98C,98.89,29.91,공급 98.89C㎡
106동,18층,18,1801,99B,99.05,29.96,공급 99.05B㎡
106동,18층,18,1802,98C,98.89,29.91,공급 98.89C㎡
106동,18층,18,1803,114A,114.57,34.66,공급 114.57A㎡
106동,18층,18,1804,113B,113.93,34.46,공급 113.93B㎡
106동,18층,18,1805,98C,98.89,29.91,공급 98.89C㎡
106동,17층,17,1701,99B,99.05,29.96,공급 99.05B㎡
106동,17층,17,1702,98C,98.89,29.91,공급 98.89C㎡
106동,17층,17,1703,114A,114.57,34.66,공급 114.57A㎡
106동,17층,17,1704,113B,113.93,34.46,공급 113.93B㎡
106동,17층,17,1705,98C,98.89,29.91,공급 98.89C㎡
106동,16층,16,1601,99B,99.05,29.96,공급 99.05B㎡
106동,16층,16,1602,98C,98.89,29.91,공급 98.89C㎡
106동,16층,16,1603,114A,114.57,34.66,공급 114.57A㎡
106동,16층,16,1604,113B,113.93,34.46,공급 113.93B㎡
106동,16층,16,1605,98C,98.89,29.91,공급 98.89C㎡
106동,15층,15,1501,99B,99.05,29.96,공급 99.05B㎡
106동,15층,15,1502,98C,98.89,29.91,공급 98.89C㎡
106동,15층,15,1503,114A,114.57,34.66,공급 114.57A㎡
106동,15층,15,1504,113B,113.93,34.46,공급 113.93B㎡
106동,15층,15,1505,98C,98.89,29.91,공급 98.89C㎡
106동,14층,14,1401,99B,99.05,29.96,공급 99.05B㎡
106동,14층,14,1402,98C,98.89,29.91,공급 98.89C㎡
106동,14층,14,1403,114A,114.57,34.66,공급 114.57A㎡
106동,14층,14,1404,113B,113.93,34.46,공급 113.93B㎡
106동,14층,14,1405,98C,98.89,29.91,공급 98.89C㎡
106동,13층,13,1301,99B,99.05,29.96,공급 99.05B㎡
106동,13층,13,1302,98C,98.89,29.91,공급 98.89C㎡
106동,13층,13,1303,114A,114.57,34.66,공급 114.57A㎡
106동,13층,13,1304,113B,113.93,34.46,공급 113.93B㎡
106동,13층,13,1305,98C,98.89,29.91,공급 98.89C㎡
106동,12층,12,1201,99B,99.05,29.96,공급 99.05B㎡
106동,12층,12,1202,98C,98.89,29.91,공급 98.89C㎡
106동,12층,12,1203,114A,114.57,34.66,공급 114.57A㎡
106동,12층,12,1204,113B,113.93,34.46,공급 113.93B㎡
106동,12층,12,1205,98C,98.89,29.91,공급 98.89C㎡
106동,11층,11,1101,99B,99.05,29.96,공급 99.05B㎡
106동,11층,11,1102,98C,98.89,29.91,공급 98.89C㎡
106동,11층,11,1103,114A,114.57,34.66,공급 114.57A㎡
106동,11층,11,1104,113B,113.93,34.46,공급 113.93B㎡
106동,11층,11,1105,98C,98.89,29.91,공급 98.89C㎡
106동,10층,10,1001,99B,99.05,29.96,공급 99.05B㎡
106동,10층,10,1002,98C,98.89,29.91,공급 98.89C㎡
106동,10층,10,1003,114A,114.57,34.66,공급 114.57A㎡
106동,10층,10,1004,113B,113.93,34.46,공급 113.93B㎡
106동,10층,10,1005,98C,98.89,29.91,공급 98.89C㎡
106동,9층,9,901,99B,99.05,29.96,공급 99.05B㎡
106동,9층,9,902,98C,98.89,29.91,공급 98.89C㎡
106동,9층,9,903,114A,114.57,34.66,공급 114.57A㎡
106동,9층,9,904,113B,113.93,34.46,공급 113.93B㎡
106동,9층,9,905,98C,98.89,29.91,공급 98.89C㎡
106동,8층,8,801,99B,99.05,29.96,공급 99.05B㎡
106동,8층,8,802,98C,98.89,29.91,공급 98.89C㎡
106동,8층,8,803,114A,114.57,34.66,공급 114.57A㎡
106동,8층,8,804,113B,113.93,34.46,공급 113.93B㎡
106동,8층,8,805,98C,98.89,29.91,공급 98.89C㎡
106동,7층,7,701,99B,99.05,29.96,공급 99.05B㎡
106동,7층,7,702,98C,98.89,29.91,공급 98.89C㎡
106동,7층,7,703,114A,114.57,34.66,공급 114.57A㎡
106동,7층,7,704,113B,113.93,34.46,공급 113.93B㎡
106동,7층,7,705,98C,98.89,29.91,공급 98.89C㎡
106동,6층,6,601,99B,99.05,29.96,공급 99.05B㎡
106동,6층,6,602,98C,98.89,29.91,공급 98.89C㎡
106동,6층,6,603,114A,114.57,34.66,공급 114.57A㎡
106동,6층,6,604,113B,113.93,34.46,공급 113.93B㎡
106동,6층,6,605,98C,98.89,29.91,공급 98.89C㎡
106동,5층,5,501,99B,99.05,29.96,공급 99.05B㎡
106동,5층,5,502,98C,98.89,29.91,공급 98.89C㎡
106동,5층,5,503,114A,114.57,34.66,공급 114.57A㎡
106동,5층,5,504,113B,113.93,34.46,공급 113.93B㎡
106동,5층,5,505,98C,98.89,29.91,공급 98.89C㎡
106동,4층,4,401,99B,99.05,29.96,공급 99.05B㎡
106동,4층,4,402,98C,98.89,29.91,공급 98.89C㎡
106동,4층,4,403,114A,114.57,34.66,공급 114.57A㎡
106동,4층,4,404,113B,113.93,34.46,공급 113.93B㎡
106동,4층,4,405,98C,98.89,29.91,공급 98.89C㎡
106동,3층,3,301,99B,99.05,29.96,공급 99.05B㎡
106동,3층,3,302,98C,98.89,29.91,공급 98.89C㎡
106동,3층,3,303,114A,114.57,34.66,공급 114.57A㎡
106동,3층,3,304,113B,113.93,34.46,공급 113.93B㎡
106동,3층,3,305,98C,98.89,29.91,공급 98.89C㎡
106동,2층,2,201,99B,99.05,29.96,공급 99.05B㎡
106동,2층,2,202,98C,98.89,29.91,공급 98.89C㎡
106동,2층,2,203,114A,114.57,34.66,공급 114.57A㎡
106동,2층,2,204,113B,113.93,34.46,공급 113.93B㎡
106동,2층,2,205,98C,98.89,29.91,공급 98.89C㎡
106동,1층,1,102,98C,98.89,29.91,공급 98.89C㎡
106동,1층,1,103,114A,114.57,34.66,공급 114.57A㎡
106동,1층,1,104,113B,113.93,34.46,공급 113.93B㎡
107동,35층,35,3501,99B,99.05,29.96,공급 99.05B㎡
107동,35층,35,3502,98C,98.89,29.91,공급 98.89C㎡
107동,35층,35,3503,114A,114.57,34.66,공급 114.57A㎡
107동,35층,35,3504,113B,113.93,34.46,공급 113.93B㎡
107동,35층,35,3505,98C,98.89,29.91,공급 98.89C㎡
107동,34층,34,3401,99B,99.05,29.96,공급 99.05B㎡
107동,34층,34,3402,98C,98.89,29.91,공급 98.89C㎡
107동,34층,34,3403,114A,114.57,34.66,공급 114.57A㎡
107동,34층,34,3404,113B,113.93,34.46,공급 113.93B㎡
107동,34층,34,3405,98C,98.89,29.91,공급 98.89C㎡
107동,33층,33,3301,99B,99.05,29.96,공급 99.05B㎡
107동,33층,33,3302,98C,98.89,29.91,공급 98.89C㎡
107동,33층,33,3303,114A,114.57,34.66,공급 114.57A㎡
107동,33층,33,3304,113B,113.93,34.46,공급 113.93B㎡
107동,33층,33,3305,98C,98.89,29.91,공급 98.89C㎡
107동,32층,32,3201,99B,99.05,29.96,공급 99.05B㎡
107동,32층,32,3202,98C,98.89,29.91,공급 98.89C㎡
107동,32층,32,3203,114A,114.57,34.66,공급 114.57A㎡
107동,32층,32,3204,113B,113.93,34.46,공급 113.93B㎡
107동,32층,32,3205,98C,98.89,29.91,공급 98.89C㎡
107동,31층,31,3101,99B,99.05,29.96,공급 99.05B㎡
107동,31층,31,3102,98C,98.89,29.91,공급 98.89C㎡
107동,31층,31,3103,114A,114.57,34.66,공급 114.57A㎡
107동,31층,31,3104,113B,113.93,34.46,공급 113.93B㎡
107동,31층,31,3105,98C,98.89,29.91,공급 98.89C㎡
107동,30층,30,3001,99B,99.05,29.96,공급 99.05B㎡
107동,30층,30,3002,98C,98.89,29.91,공급 98.89C㎡
107동,30층,30,3003,114A,114.57,34.66,공급 114.57A㎡
107동,30층,30,3004,113B,113.93,34.46,공급 113.93B㎡
107동,30층,30,3005,98C,98.89,29.91,공급 98.89C㎡
107동,29층,29,2901,99B,99.05,29.96,공급 99.05B㎡
107동,29층,29,2902,98C,98.89,29.91,공급 98.89C㎡
107동,29층,29,2903,114A,114.57,34.66,공급 114.57A㎡
107동,29층,29,2904,113B,113.93,34.46,공급 113.93B㎡
107동,29층,29,2905,98C,98.89,29.91,공급 98.89C㎡
107동,28층,28,2801,99B,99.05,29.96,공급 99.05B㎡
107동,28층,28,2802,98C,98.89,29.91,공급 98.89C㎡
107동,28층,28,2803,114A,114.57,34.66,공급 114.57A㎡
107동,28층,28,2804,113B,113.93,34.46,공급 113.93B㎡
107동,28층,28,2805,98C,98.89,29.91,공급 98.89C㎡
107동,27층,27,2701,99B,99.05,29.96,공급 99.05B㎡
107동,27층,27,2702,98C,98.89,29.91,공급 98.89C㎡
107동,27층,27,2703,114A,114.57,34.66,공급 114.57A㎡
107동,27층,27,2704,113B,113.93,34.46,공급 113.93B㎡
107동,27층,27,2705,98C,98.89,29.91,공급 98.89C㎡
107동,26층,26,2601,99B,99.05,29.96,공급 99.05B㎡
107동,26층,26,2602,98C,98.89,29.91,공급 98.89C㎡
107동,26층,26,2603,114A,114.57,34.66,공급 114.57A㎡
107동,26층,26,2604,113B,113.93,34.46,공급 113.93B㎡
107동,26층,26,2605,98C,98.89,29.91,공급 98.89C㎡
107동,25층,25,2501,99B,99.05,29.96,공급 99.05B㎡
107동,25층,25,2502,98C,98.89,29.91,공급 98.89C㎡
107동,25층,25,2503,114A,114.57,34.66,공급 114.57A㎡
107동,25층,25,2504,113B,113.93,34.46,공급 113.93B㎡
107동,25층,25,2505,98C,98.89,29.91,공급 98.89C㎡
107동,24층,24,2401,99B,99.05,29.96,공급 99.05B㎡
107동,24층,24,2402,98C,98.89,29.91,공급 98.89C㎡
107동,24층,24,2403,114A,114.57,34.66,공급 114.57A㎡
107동,24층,24,2404,113B,113.93,34.46,공급 113.93B㎡
107동,24층,24,2405,98C,98.89,29.91,공급 98.89C㎡
107동,23층,23,2301,99B,99.05,29.96,공급 99.05B㎡
107동,23층,23,2302,98C,98.89,29.91,공급 98.89C㎡
107동,23층,23,2303,114A,114.57,34.66,공급 114.57A㎡
107동,23층,23,2304,113B,113.93,34.46,공급 113.93B㎡
107동,23층,23,2305,98C,98.89,29.91,공급 98.89C㎡
107동,22층,22,2201,99B,99.05,29.96,공급 99.05B㎡
107동,22층,22,2202,98C,98.89,29.91,공급 98.89C㎡
107동,22층,22,2203,114A,114.57,34.66,공급 114.57A㎡
107동,22층,22,2204,113B,113.93,34.46,공급 113.93B㎡
107동,22층,22,2205,98C,98.89,29.91,공급 98.89C㎡
107동,21층,21,2101,99B,99.05,29.96,공급 99.05B㎡
107동,21층,21,2102,98C,98.89,29.91,공급 98.89C㎡
107동,21층,21,2103,114A,114.57,34.66,공급 114.57A㎡
107동,21층,21,2104,113B,113.93,34.46,공급 113.93B㎡
107동,21층,21,2105,98C,98.89,29.91,공급 98.89C㎡
107동,20층,20,2001,99B,99.05,29.96,공급 99.05B㎡
107동,20층,20,2002,98C,98.89,29.91,공급 98.89C㎡
107동,20층,20,2003,114A,114.57,34.66,공급 114.57A㎡
107동,20층,20,2004,113B,113.93,34.46,공급 113.93B㎡
107동,20층,20,2005,98C,98.89,29.91,공급 98.89C㎡
107동,19층,19,1901,99B,99.05,29.96,공급 99.05B㎡
107동,19층,19,1902,98C,98.89,29.91,공급 98.89C㎡
107동,19층,19,1903,114A,114.57,34.66,공급 114.57A㎡
107동,19층,19,1904,113B,113.93,34.46,공급 113.93B㎡
107동,19층,19,1905,98C,98.89,29.91,공급 98.89C㎡
107동,18층,18,1801,99B,99.05,29.96,공급 99.05B㎡
107동,18층,18,1802,98C,98.89,29.91,공급 98.89C㎡
107동,18층,18,1803,114A,114.57,34.66,공급 114.57A㎡
107동,18층,18,1804,113B,113.93,34.46,공급 113.93B㎡
107동,18층,18,1805,98C,98.89,29.91,공급 98.89C㎡
107동,17층,17,1701,99B,99.05,29.96,공급 99.05B㎡
107동,17층,17,1702,98C,98.89,29.91,공급 98.89C㎡
107동,17층,17,1703,114A,114.57,34.66,공급 114.57A㎡
107동,17층,17,1704,113B,113.93,34.46,공급 113.93B㎡
107동,17층,17,1705,98C,98.89,29.91,공급 98.89C㎡
107동,16층,16,1601,99B,99.05,29.96,공급 99.05B㎡
107동,16층,16,1602,98C,98.89,29.91,공급 98.89C㎡
107동,16층,16,1603,114A,114.57,34.66,공급 114.57A㎡
107동,16층,16,1604,113B,113.93,34.46,공급 113.93B㎡
107동,16층,16,1605,98C,98.89,29.91,공급 98.89C㎡
107동,15층,15,1501,99B,99.05,29.96,공급 99.05B㎡
107동,15층,15,1502,98C,98.89,29.91,공급 98.89C㎡
107동,15층,15,1503,114A,114.57,34.66,공급 114.57A㎡
107동,15층,15,1504,113B,113.93,34.46,공급 113.93B㎡
107동,15층,15,1505,98C,98.89,29.91,공급 98.89C㎡
107동,14층,14,1401,99B,99.05,29.96,공급 99.05B㎡
107동,14층,14,1402,98C,98.89,29.91,공급 98.89C㎡
107동,14층,14,1403,114A,114.57,34.66,공급 114.57A㎡
107동,14층,14,1404,113B,113.93,34.46,공급 113.93B㎡
107동,14층,14,1405,98C,98.89,29.91,공급 98.89C㎡
107동,13층,13,1301,99B,99.05,29.96,공급 99.05B㎡
107동,13층,13,1302,98C,98.89,29.91,공급 98.89C㎡
107동,13층,13,1303,114A,114.57,34.66,공급 114.57A㎡
107동,13층,13,1304,113B,113.93,34.46,공급 113.93B㎡
107동,13층,13,1305,98C,98.89,29.91,공급 98.89C㎡
107동,12층,12,1201,99B,99.05,29.96,공급 99.05B㎡
107동,12층,12,1202,98C,98.89,29.91,공급 98.89C㎡
107동,12층,12,1203,114A,114.57,34.66,공급 114.57A㎡
107동,12층,12,1204,113B,113.93,34.46,공급 113.93B㎡
107동,12층,12,1205,98C,98.89,29.91,공급 98.89C㎡
107동,11층,11,1101,99B,99.05,29.96,공급 99.05B㎡
107동,11층,11,1102,98C,98.89,29.91,공급 98.89C㎡
107동,11층,11,1103,114A,114.57,34.66,공급 114.57A㎡
107동,11층,11,1104,113B,113.93,34.46,공급 113.93B㎡
107동,11층,11,1105,98C,98.89,29.91,공급 98.89C㎡
107동,10층,10,1001,99B,99.05,29.96,공급 99.05B㎡
107동,10층,10,1002,98C,98.89,29.91,공급 98.89C㎡
107동,10층,10,1003,114A,114.57,34.66,공급 114.57A㎡
107동,10층,10,1004,113B,113.93,34.46,공급 113.93B㎡
107동,10층,10,1005,98C,98.89,29.91,공급 98.89C㎡
107동,9층,9,901,99B,99.05,29.96,공급 99.05B㎡
107동,9층,9,902,98C,98.89,29.91,공급 98.89C㎡
107동,9층,9,903,114A,114.57,34.66,공급 114.57A㎡
107동,9층,9,904,113B,113.93,34.46,공급 113.93B㎡
107동,9층,9,905,98C,98.89,29.91,공급 98.89C㎡
107동,8층,8,801,99B,99.05,29.96,공급 99.05B㎡
107동,8층,8,802,98C,98.89,29.91,공급 98.89C㎡
107동,8층,8,803,114A,114.57,34.66,공급 114.57A㎡
107동,8층,8,804,113B,113.93,34.46,공급 113.93B㎡
107동,8층,8,805,98C,98.89,29.91,공급 98.89C㎡
107동,7층,7,701,99B,99.05,29.96,공급 99.05B㎡
107동,7층,7,702,98C,98.89,29.91,공급 98.89C㎡
107동,7층,7,703,114A,114.57,34.66,공급 114.57A㎡
107동,7층,7,704,113B,113.93,34.46,공급 113.93B㎡
107동,7층,7,705,98C,98.89,29.91,공급 98.89C㎡
107동,6층,6,601,99B,99.05,29.96,공급 99.05B㎡
107동,6층,6,602,98C,98.89,29.91,공급 98.89C㎡
107동,6층,6,603,114A,114.57,34.66,공급 114.57A㎡
107동,6층,6,604,113B,113.93,34.46,공급 113.93B㎡
107동,6층,6,605,98C,98.89,29.91,공급 98.89C㎡
107동,5층,5,501,99B,99.05,29.96,공급 99.05B㎡
107동,5층,5,502,98C,98.89,29.91,공급 98.89C㎡
107동,5층,5,503,114A,114.57,34.66,공급 114.57A㎡
107동,5층,5,504,113B,113.93,34.46,공급 113.93B㎡
107동,5층,5,505,98C,98.89,29.91,공급 98.89C㎡
107동,4층,4,401,99B,99.05,29.96,공급 99.05B㎡
107동,4층,4,402,98C,98.89,29.91,공급 98.89C㎡
107동,4층,4,403,114A,114.57,34.66,공급 114.57A㎡
107동,4층,4,404,113B,113.93,34.46,공급 113.93B㎡
107동,4층,4,405,98C,98.89,29.91,공급 98.89C㎡
107동,3층,3,301,99B,99.05,29.96,공급 99.05B㎡
107동,3층,3,302,98C,98.89,29.91,공급 98.89C㎡
107동,3층,3,303,114A,114.57,34.66,공급 114.57A㎡
107동,3층,3,304,113B,113.93,34.46,공급 113.93B㎡
107동,3층,3,305,98C,98.89,29.91,공급 98.89C㎡
107동,2층,2,201,99B,99.05,29.96,공급 99.05B㎡
107동,2층,2,202,98C,98.89,29.91,공급 98.89C㎡
107동,2층,2,203,114A,114.57,34.66,공급 114.57A㎡
107동,2층,2,204,113B,113.93,34.46,공급 113.93B㎡
107동,2층,2,205,98C,98.89,29.91,공급 98.89C㎡
107동,1층,1,102,98C,98.89,29.91,공급 98.89C㎡
107동,1층,1,103,114A,114.57,34.66,공급 114.57A㎡
107동,1층,1,104,113B,113.93,34.46,공급 113.93B㎡
108동,35층,35,3501,82B,82.66,25.0,공급 82.66B㎡
108동,35층,35,3502,82C1,82.98,25.1,공급 82.98C1㎡
108동,35층,35,3503,82A1,82.52,24.96,공급 82.52A1㎡
108동,34층,34,3401,82B,82.66,25.0,공급 82.66B㎡
108동,34층,34,3402,82C1,82.98,25.1,공급 82.98C1㎡
108동,34층,34,3403,82A1,82.52,24.96,공급 82.52A1㎡
108동,34층,34,3404,82A,82.31,24.9,공급 82.31A㎡
108동,33층,33,3301,82B,82.66,25.0,공급 82.66B㎡
108동,33층,33,3302,82C1,82.98,25.1,공급 82.98C1㎡
108동,33층,33,3303,82A1,82.52,24.96,공급 82.52A1㎡
108동,33층,33,3304,82A,82.31,24.9,공급 82.31A㎡
108동,33층,33,3305,82A,82.31,24.9,공급 82.31A㎡
108동,32층,32,3201,82B,82.66,25.0,공급 82.66B㎡
108동,32층,32,3202,82C1,82.98,25.1,공급 82.98C1㎡
108동,32층,32,3203,82A1,82.52,24.96,공급 82.52A1㎡
108동,32층,32,3204,82A,82.31,24.9,공급 82.31A㎡
108동,32층,32,3205,82A,82.31,24.9,공급 82.31A㎡
108동,31층,31,3101,82B,82.66,25.0,공급 82.66B㎡
108동,31층,31,3102,82C1,82.98,25.1,공급 82.98C1㎡
108동,31층,31,3103,82A1,82.52,24.96,공급 82.52A1㎡
108동,31층,31,3104,82A,82.31,24.9,공급 82.31A㎡
108동,31층,31,3105,82A,82.31,24.9,공급 82.31A㎡
108동,30층,30,3001,82B,82.66,25.0,공급 82.66B㎡
108동,30층,30,3002,82C1,82.98,25.1,공급 82.98C1㎡
108동,30층,30,3003,82A1,82.52,24.96,공급 82.52A1㎡
108동,30층,30,3004,82A,82.31,24.9,공급 82.31A㎡
108동,30층,30,3005,82A,82.31,24.9,공급 82.31A㎡
108동,29층,29,2901,82B,82.66,25.0,공급 82.66B㎡
108동,29층,29,2902,82C1,82.98,25.1,공급 82.98C1㎡
108동,29층,29,2903,82A1,82.52,24.96,공급 82.52A1㎡
108동,29층,29,2904,82A,82.31,24.9,공급 82.31A㎡
108동,29층,29,2905,82A,82.31,24.9,공급 82.31A㎡
108동,28층,28,2801,82B,82.66,25.0,공급 82.66B㎡
108동,28층,28,2802,82C1,82.98,25.1,공급 82.98C1㎡
108동,28층,28,2803,82A1,82.52,24.96,공급 82.52A1㎡
108동,28층,28,2804,82A,82.31,24.9,공급 82.31A㎡
108동,28층,28,2805,82A,82.31,24.9,공급 82.31A㎡
108동,27층,27,2701,82B,82.66,25.0,공급 82.66B㎡
108동,27층,27,2702,82C1,82.98,25.1,공급 82.98C1㎡
108동,27층,27,2703,82A1,82.52,24.96,공급 82.52A1㎡
108동,27층,27,2704,82A,82.31,24.9,공급 82.31A㎡
108동,27층,27,2705,82A,82.31,24.9,공급 82.31A㎡
108동,26층,26,2601,82B,82.66,25.0,공급 82.66B㎡
108동,26층,26,2602,82C1,82.98,25.1,공급 82.98C1㎡
108동,26층,26,2603,82A1,82.52,24.96,공급 82.52A1㎡
108동,26층,26,2604,82A,82.31,24.9,공급 82.31A㎡
108동,26층,26,2605,82A,82.31,24.9,공급 82.31A㎡
108동,25층,25,2501,82B,82.66,25.0,공급 82.66B㎡
108동,25층,25,2502,82C1,82.98,25.1,공급 82.98C1㎡
108동,25층,25,2503,82A1,82.52,24.96,공급 82.52A1㎡
108동,25층,25,2504,82A,82.31,24.9,공급 82.31A㎡
108동,25층,25,2505,82A,82.31,24.9,공급 82.31A㎡
108동,24층,24,2401,82B,82.66,25.0,공급 82.66B㎡
108동,24층,24,2402,82C1,82.98,25.1,공급 82.98C1㎡
108동,24층,24,2403,82A1,82.52,24.96,공급 82.52A1㎡
108동,24층,24,2404,82A,82.31,24.9,공급 82.31A㎡
108동,24층,24,2405,82A,82.31,24.9,공급 82.31A㎡
108동,23층,23,2301,82B,82.66,25.0,공급 82.66B㎡
108동,23층,23,2302,82C1,82.98,25.1,공급 82.98C1㎡
108동,23층,23,2303,82A1,82.52,24.96,공급 82.52A1㎡
108동,23층,23,2304,82A,82.31,24.9,공급 82.31A㎡
108동,23층,23,2305,82A,82.31,24.9,공급 82.31A㎡
108동,22층,22,2201,82B,82.66,25.0,공급 82.66B㎡
108동,22층,22,2202,82C1,82.98,25.1,공급 82.98C1㎡
108동,22층,22,2203,82A1,82.52,24.96,공급 82.52A1㎡
108동,22층,22,2204,82A,82.31,24.9,공급 82.31A㎡
108동,22층,22,2205,82A,82.31,24.9,공급 82.31A㎡
108동,21층,21,2101,82B,82.66,25.0,공급 82.66B㎡
108동,21층,21,2102,82C1,82.98,25.1,공급 82.98C1㎡
108동,21층,21,2103,82A1,82.52,24.96,공급 82.52A1㎡
108동,21층,21,2104,82A,82.31,24.9,공급 82.31A㎡
108동,21층,21,2105,82A,82.31,24.9,공급 82.31A㎡
108동,20층,20,2001,82B,82.66,25.0,공급 82.66B㎡
108동,20층,20,2002,82C1,82.98,25.1,공급 82.98C1㎡
108동,20층,20,2003,82A1,82.52,24.96,공급 82.52A1㎡
108동,20층,20,2004,82A,82.31,24.9,공급 82.31A㎡
108동,20층,20,2005,82A,82.31,24.9,공급 82.31A㎡
108동,19층,19,1901,82B,82.66,25.0,공급 82.66B㎡
108동,19층,19,1902,82C1,82.98,25.1,공급 82.98C1㎡
108동,19층,19,1903,82A1,82.52,24.96,공급 82.52A1㎡
108동,19층,19,1904,82A,82.31,24.9,공급 82.31A㎡
108동,19층,19,1905,82A,82.31,24.9,공급 82.31A㎡
108동,18층,18,1801,82B,82.66,25.0,공급 82.66B㎡
108동,18층,18,1802,82C1,82.98,25.1,공급 82.98C1㎡
108동,18층,18,1803,82A1,82.52,24.96,공급 82.52A1㎡
108동,18층,18,1804,82A,82.31,24.9,공급 82.31A㎡
108동,18층,18,1805,82A,82.31,24.9,공급 82.31A㎡
108동,17층,17,1701,82B,82.66,25.0,공급 82.66B㎡
108동,17층,17,1702,82C1,82.98,25.1,공급 82.98C1㎡
108동,17층,17,1703,82A1,82.52,24.96,공급 82.52A1㎡
108동,17층,17,1704,82A,82.31,24.9,공급 82.31A㎡
108동,17층,17,1705,82A,82.31,24.9,공급 82.31A㎡
108동,16층,16,1601,82B,82.66,25.0,공급 82.66B㎡
108동,16층,16,1602,82C1,82.98,25.1,공급 82.98C1㎡
108동,16층,16,1603,82A1,82.52,24.96,공급 82.52A1㎡
108동,16층,16,1604,82A,82.31,24.9,공급 82.31A㎡
108동,16층,16,1605,82A,82.31,24.9,공급 82.31A㎡
108동,15층,15,1501,82B,82.66,25.0,공급 82.66B㎡
108동,15층,15,1502,82C1,82.98,25.1,공급 82.98C1㎡
108동,15층,15,1503,82A1,82.52,24.96,공급 82.52A1㎡
108동,15층,15,1504,82A,82.31,24.9,공급 82.31A㎡
108동,15층,15,1505,82A,82.31,24.9,공급 82.31A㎡
108동,14층,14,1401,82B,82.66,25.0,공급 82.66B㎡
108동,14층,14,1402,82C1,82.98,25.1,공급 82.98C1㎡
108동,14층,14,1403,82A1,82.52,24.96,공급 82.52A1㎡
108동,14층,14,1404,82A,82.31,24.9,공급 82.31A㎡
108동,14층,14,1405,82A,82.31,24.9,공급 82.31A㎡
108동,13층,13,1301,82B,82.66,25.0,공급 82.66B㎡
108동,13층,13,1302,82C1,82.98,25.1,공급 82.98C1㎡
108동,13층,13,1303,82A1,82.52,24.96,공급 82.52A1㎡
108동,13층,13,1304,82A,82.31,24.9,공급 82.31A㎡
108동,13층,13,1305,82A,82.31,24.9,공급 82.31A㎡
108동,12층,12,1201,82B,82.66,25.0,공급 82.66B㎡
108동,12층,12,1202,82C1,82.98,25.1,공급 82.98C1㎡
108동,12층,12,1203,82A1,82.52,24.96,공급 82.52A1㎡
108동,12층,12,1204,82A,82.31,24.9,공급 82.31A㎡
108동,12층,12,1205,82A,82.31,24.9,공급 82.31A㎡
108동,11층,11,1101,82B,82.66,25.0,공급 82.66B㎡
108동,11층,11,1102,82C1,82.98,25.1,공급 82.98C1㎡
108동,11층,11,1103,82A1,82.52,24.96,공급 82.52A1㎡
108동,11층,11,1104,82A,82.31,24.9,공급 82.31A㎡
108동,11층,11,1105,82A,82.31,24.9,공급 82.31A㎡
108동,10층,10,1001,82B,82.66,25.0,공급 82.66B㎡
108동,10층,10,1002,82C1,82.98,25.1,공급 82.98C1㎡
108동,10층,10,1003,82A1,82.52,24.96,공급 82.52A1㎡
108동,10층,10,1004,82A,82.31,24.9,공급 82.31A㎡
108동,10층,10,1005,82A,82.31,24.9,공급 82.31A㎡
108동,9층,9,901,82B,82.66,25.0,공급 82.66B㎡
108동,9층,9,902,82C1,82.98,25.1,공급 82.98C1㎡
108동,9층,9,903,82A1,82.52,24.96,공급 82.52A1㎡
108동,9층,9,904,82A,82.31,24.9,공급 82.31A㎡
108동,9층,9,905,82A,82.31,24.9,공급 82.31A㎡
108동,8층,8,801,82B,82.66,25.0,공급 82.66B㎡
108동,8층,8,802,82C1,82.98,25.1,공급 82.98C1㎡
108동,8층,8,803,82A1,82.52,24.96,공급 82.52A1㎡
108동,8층,8,804,82A,82.31,24.9,공급 82.31A㎡
108동,8층,8,805,82A,82.31,24.9,공급 82.31A㎡
108동,7층,7,701,82B,82.66,25.0,공급 82.66B㎡
108동,7층,7,702,82C1,82.98,25.1,공급 82.98C1㎡
108동,7층,7,703,82A1,82.52,24.96,공급 82.52A1㎡
108동,7층,7,704,82A,82.31,24.9,공급 82.31A㎡
108동,7층,7,705,82A,82.31,24.9,공급 82.31A㎡
108동,6층,6,601,82B,82.66,25.0,공급 82.66B㎡
108동,6층,6,602,82C1,82.98,25.1,공급 82.98C1㎡
108동,6층,6,603,82A1,82.52,24.96,공급 82.52A1㎡
108동,6층,6,604,82A,82.31,24.9,공급 82.31A㎡
108동,6층,6,605,82A,82.31,24.9,공급 82.31A㎡
108동,5층,5,501,82B,82.66,25.0,공급 82.66B㎡
108동,5층,5,502,82C1,82.98,25.1,공급 82.98C1㎡
108동,5층,5,503,82A1,82.52,24.96,공급 82.52A1㎡
108동,5층,5,504,82A,82.31,24.9,공급 82.31A㎡
108동,5층,5,505,82A,82.31,24.9,공급 82.31A㎡
108동,4층,4,401,82B,82.66,25.0,공급 82.66B㎡
108동,4층,4,402,82C1,82.98,25.1,공급 82.98C1㎡
108동,4층,4,403,82A1,82.52,24.96,공급 82.52A1㎡
108동,4층,4,404,82A,82.31,24.9,공급 82.31A㎡
108동,4층,4,405,82A,82.31,24.9,공급 82.31A㎡
108동,3층,3,301,82B,82.66,25.0,공급 82.66B㎡
108동,3층,3,302,82C1,82.98,25.1,공급 82.98C1㎡
108동,3층,3,303,82A1,82.52,24.96,공급 82.52A1㎡
108동,3층,3,304,82A,82.31,24.9,공급 82.31A㎡
108동,3층,3,305,82A,82.31,24.9,공급 82.31A㎡
108동,2층,2,201,82B,82.66,25.0,공급 82.66B㎡
108동,2층,2,202,82C1,82.98,25.1,공급 82.98C1㎡
108동,2층,2,203,82A1,82.52,24.96,공급 82.52A1㎡
108동,2층,2,204,82A,82.31,24.9,공급 82.31A㎡
108동,2층,2,205,82A,82.31,24.9,공급 82.31A㎡
108동,1층,1,102,82C1,82.98,25.1,공급 82.98C1㎡
108동,1층,1,103,82A1,82.52,24.96,공급 82.52A1㎡
108동,1층,1,104,82A,82.31,24.9,공급 82.31A㎡
109동,33층,33,3301,114C,114.78,34.72,공급 114.78C㎡
109동,33층,33,3302,98C2,98.41,29.77,공급 98.41C2㎡
109동,32층,32,3201,114C,114.78,34.72,공급 114.78C㎡
109동,32층,32,3202,98C2,98.41,29.77,공급 98.41C2㎡
109동,32층,32,3203,114A,114.57,34.66,공급 114.57A㎡
109동,31층,31,3101,114C,114.78,34.72,공급 114.78C㎡
109동,31층,31,3102,98C2,98.41,29.77,공급 98.41C2㎡
109동,31층,31,3103,114A,114.57,34.66,공급 114.57A㎡
109동,31층,31,3104,114A,114.57,34.66,공급 114.57A㎡
109동,30층,30,3001,114C,114.78,34.72,공급 114.78C㎡
109동,30층,30,3002,98C2,98.41,29.77,공급 98.41C2㎡
109동,30층,30,3003,114A,114.57,34.66,공급 114.57A㎡
109동,30층,30,3004,114A,114.57,34.66,공급 114.57A㎡
109동,29층,29,2901,114C,114.78,34.72,공급 114.78C㎡
109동,29층,29,2902,98C2,98.41,29.77,공급 98.41C2㎡
109동,29층,29,2903,114A,114.57,34.66,공급 114.57A㎡
109동,29층,29,2904,114A,114.57,34.66,공급 114.57A㎡
109동,28층,28,2801,114C,114.78,34.72,공급 114.78C㎡
109동,28층,28,2802,98C2,98.41,29.77,공급 98.41C2㎡
109동,28층,28,2803,114A,114.57,34.66,공급 114.57A㎡
109동,28층,28,2804,114A,114.57,34.66,공급 114.57A㎡
109동,27층,27,2701,114C,114.78,34.72,공급 114.78C㎡
109동,27층,27,2702,98C2,98.41,29.77,공급 98.41C2㎡
109동,27층,27,2703,114A,114.57,34.66,공급 114.57A㎡
109동,27층,27,2704,114A,114.57,34.66,공급 114.57A㎡
109동,26층,26,2601,114C,114.78,34.72,공급 114.78C㎡
109동,26층,26,2602,98C2,98.41,29.77,공급 98.41C2㎡
109동,26층,26,2603,114A,114.57,34.66,공급 114.57A㎡
109동,26층,26,2604,114A,114.57,34.66,공급 114.57A㎡
109동,25층,25,2501,114C,114.78,34.72,공급 114.78C㎡
109동,25층,25,2502,98C2,98.41,29.77,공급 98.41C2㎡
109동,25층,25,2503,114A,114.57,34.66,공급 114.57A㎡
109동,25층,25,2504,114A,114.57,34.66,공급 114.57A㎡
109동,24층,24,2401,114C,114.78,34.72,공급 114.78C㎡
109동,24층,24,2402,98C2,98.41,29.77,공급 98.41C2㎡
109동,24층,24,2403,114A,114.57,34.66,공급 114.57A㎡
109동,24층,24,2404,114A,114.57,34.66,공급 114.57A㎡
109동,23층,23,2301,114C,114.78,34.72,공급 114.78C㎡
109동,23층,23,2302,98C2,98.41,29.77,공급 98.41C2㎡
109동,23층,23,2303,114A,114.57,34.66,공급 114.57A㎡
109동,23층,23,2304,114A,114.57,34.66,공급 114.57A㎡
109동,22층,22,2201,114C,114.78,34.72,공급 114.78C㎡
109동,22층,22,2202,98C2,98.41,29.77,공급 98.41C2㎡
109동,22층,22,2203,114A,114.57,34.66,공급 114.57A㎡
109동,22층,22,2204,114A,114.57,34.66,공급 114.57A㎡
109동,21층,21,2101,114C,114.78,34.72,공급 114.78C㎡
109동,21층,21,2102,98C2,98.41,29.77,공급 98.41C2㎡
109동,21층,21,2103,114A,114.57,34.66,공급 114.57A㎡
109동,21층,21,2104,114A,114.57,34.66,공급 114.57A㎡
109동,20층,20,2001,114C,114.78,34.72,공급 114.78C㎡
109동,20층,20,2002,98C2,98.41,29.77,공급 98.41C2㎡
109동,20층,20,2003,114A,114.57,34.66,공급 114.57A㎡
109동,20층,20,2004,114A,114.57,34.66,공급 114.57A㎡
109동,19층,19,1901,114C,114.78,34.72,공급 114.78C㎡
109동,19층,19,1902,98C2,98.41,29.77,공급 98.41C2㎡
109동,19층,19,1903,114A,114.57,34.66,공급 114.57A㎡
109동,19층,19,1904,114A,114.57,34.66,공급 114.57A㎡
109동,18층,18,1801,114C,114.78,34.72,공급 114.78C㎡
109동,18층,18,1802,98C2,98.41,29.77,공급 98.41C2㎡
109동,18층,18,1803,114A,114.57,34.66,공급 114.57A㎡
109동,18층,18,1804,114A,114.57,34.66,공급 114.57A㎡
109동,17층,17,1701,114C,114.78,34.72,공급 114.78C㎡
109동,17층,17,1702,98C2,98.41,29.77,공급 98.41C2㎡
109동,17층,17,1703,114A,114.57,34.66,공급 114.57A㎡
109동,17층,17,1704,114A,114.57,34.66,공급 114.57A㎡
109동,16층,16,1601,114C,114.78,34.72,공급 114.78C㎡
109동,16층,16,1602,98C2,98.41,29.77,공급 98.41C2㎡
109동,16층,16,1603,114A,114.57,34.66,공급 114.57A㎡
109동,16층,16,1604,114A,114.57,34.66,공급 114.57A㎡
109동,15층,15,1501,114C,114.78,34.72,공급 114.78C㎡
109동,15층,15,1502,98C2,98.41,29.77,공급 98.41C2㎡
109동,15층,15,1503,114A,114.57,34.66,공급 114.57A㎡
109동,15층,15,1504,114A,114.57,34.66,공급 114.57A㎡
109동,14층,14,1401,114C,114.78,34.72,공급 114.78C㎡
109동,14층,14,1402,98C2,98.41,29.77,공급 98.41C2㎡
109동,14층,14,1403,114A,114.57,34.66,공급 114.57A㎡
109동,14층,14,1404,114A,114.57,34.66,공급 114.57A㎡
109동,13층,13,1301,114C,114.78,34.72,공급 114.78C㎡
109동,13층,13,1302,98C2,98.41,29.77,공급 98.41C2㎡
109동,13층,13,1303,114A,114.57,34.66,공급 114.57A㎡
109동,13층,13,1304,114A,114.57,34.66,공급 114.57A㎡
109동,12층,12,1201,114C,114.78,34.72,공급 114.78C㎡
109동,12층,12,1202,98C2,98.41,29.77,공급 98.41C2㎡
109동,12층,12,1203,114A,114.57,34.66,공급 114.57A㎡
109동,12층,12,1204,114A,114.57,34.66,공급 114.57A㎡
109동,11층,11,1101,114C,114.78,34.72,공급 114.78C㎡
109동,11층,11,1102,98C2,98.41,29.77,공급 98.41C2㎡
109동,11층,11,1103,114A,114.57,34.66,공급 114.57A㎡
109동,11층,11,1104,114A,114.57,34.66,공급 114.57A㎡
109동,10층,10,1001,114C,114.78,34.72,공급 114.78C㎡
109동,10층,10,1002,98C2,98.41,29.77,공급 98.41C2㎡
109동,10층,10,1003,114A,114.57,34.66,공급 114.57A㎡
109동,10층,10,1004,114A,114.57,34.66,공급 114.57A㎡
109동,9층,9,901,114C,114.78,34.72,공급 114.78C㎡
109동,9층,9,902,98C2,98.41,29.77,공급 98.41C2㎡
109동,9층,9,903,114A,114.57,34.66,공급 114.57A㎡
109동,9층,9,904,114A,114.57,34.66,공급 114.57A㎡
109동,8층,8,801,114C,114.78,34.72,공급 114.78C㎡
109동,8층,8,802,98C2,98.41,29.77,공급 98.41C2㎡
109동,8층,8,803,114A,114.57,34.66,공급 114.57A㎡
109동,8층,8,804,114A,114.57,34.66,공급 114.57A㎡
109동,7층,7,701,114C,114.78,34.72,공급 114.78C㎡
109동,7층,7,702,98C2,98.41,29.77,공급 98.41C2㎡
109동,7층,7,703,114A,114.57,34.66,공급 114.57A㎡
109동,7층,7,704,114A,114.57,34.66,공급 114.57A㎡
109동,6층,6,601,114C,114.78,34.72,공급 114.78C㎡
109동,6층,6,602,98C2,98.41,29.77,공급 98.41C2㎡
109동,6층,6,603,114A,114.57,34.66,공급 114.57A㎡
109동,6층,6,604,114A,114.57,34.66,공급 114.57A㎡
109동,5층,5,501,114C,114.78,34.72,공급 114.78C㎡
109동,5층,5,502,98C2,98.41,29.77,공급 98.41C2㎡
109동,5층,5,503,114A,114.57,34.66,공급 114.57A㎡
109동,5층,5,504,114A,114.57,34.66,공급 114.57A㎡
109동,4층,4,401,114C,114.78,34.72,공급 114.78C㎡
109동,4층,4,402,98C2,98.41,29.77,공급 98.41C2㎡
109동,4층,4,403,114A,114.57,34.66,공급 114.57A㎡
109동,4층,4,404,114A,114.57,34.66,공급 114.57A㎡
109동,3층,3,301,114C,114.78,34.72,공급 114.78C㎡
109동,3층,3,302,98C2,98.41,29.77,공급 98.41C2㎡
109동,3층,3,303,114A,114.57,34.66,공급 114.57A㎡
109동,3층,3,304,114A,114.57,34.66,공급 114.57A㎡
109동,2층,2,201,114C,114.78,34.72,공급 114.78C㎡
109동,2층,2,202,98C2,98.41,29.77,공급 98.41C2㎡
109동,2층,2,203,114A,114.57,34.66,공급 114.57A㎡
109동,2층,2,204,114A,114.57,34.66,공급 114.57A㎡
109동,1층,1,102,98C2,98.41,29.77,공급 98.41C2㎡
109동,1층,1,103,114A,114.57,34.66,공급 114.57A㎡
110동,34층,34,3401,99B,99.05,29.96,공급 99.05B㎡
110동,34층,34,3402,98C1,98.04,29.66,공급 98.04C1㎡
110동,34층,34,3403,114A,114.57,34.66,공급 114.57A㎡
110동,34층,34,3404,113B,113.93,34.46,공급 113.93B㎡
110동,34층,34,3405,98D,98.96,29.94,공급 98.96D㎡
110동,33층,33,3301,99B,99.05,29.96,공급 99.05B㎡
110동,33층,33,3302,98C1,98.04,29.66,공급 98.04C1㎡
110동,33층,33,3303,114A,114.57,34.66,공급 114.57A㎡
110동,33층,33,3304,113B,113.93,34.46,공급 113.93B㎡
110동,33층,33,3305,98D,98.96,29.94,공급 98.96D㎡
110동,32층,32,3201,99B,99.05,29.96,공급 99.05B㎡
110동,32층,32,3202,98C1,98.04,29.66,공급 98.04C1㎡
110동,32층,32,3203,114A,114.57,34.66,공급 114.57A㎡
110동,32층,32,3204,113B,113.93,34.46,공급 113.93B㎡
110동,32층,32,3205,98D,98.96,29.94,공급 98.96D㎡
110동,31층,31,3101,99B,99.05,29.96,공급 99.05B㎡
110동,31층,31,3102,98C1,98.04,29.66,공급 98.04C1㎡
110동,31층,31,3103,114A,114.57,34.66,공급 114.57A㎡
110동,31층,31,3104,113B,113.93,34.46,공급 113.93B㎡
110동,31층,31,3105,98D,98.96,29.94,공급 98.96D㎡
110동,30층,30,3001,99B,99.05,29.96,공급 99.05B㎡
110동,30층,30,3002,98C1,98.04,29.66,공급 98.04C1㎡
110동,30층,30,3003,114A,114.57,34.66,공급 114.57A㎡
110동,30층,30,3004,113B,113.93,34.46,공급 113.93B㎡
110동,30층,30,3005,98D,98.96,29.94,공급 98.96D㎡
110동,29층,29,2901,99B,99.05,29.96,공급 99.05B㎡
110동,29층,29,2902,98C1,98.04,29.66,공급 98.04C1㎡
110동,29층,29,2903,114A,114.57,34.66,공급 114.57A㎡
110동,29층,29,2904,113B,113.93,34.46,공급 113.93B㎡
110동,29층,29,2905,98D,98.96,29.94,공급 98.96D㎡
110동,28층,28,2801,99B,99.05,29.96,공급 99.05B㎡
110동,28층,28,2802,98C1,98.04,29.66,공급 98.04C1㎡
110동,28층,28,2803,114A,114.57,34.66,공급 114.57A㎡
110동,28층,28,2804,113B,113.93,34.46,공급 113.93B㎡
110동,28층,28,2805,98D,98.96,29.94,공급 98.96D㎡
110동,27층,27,2701,99B,99.05,29.96,공급 99.05B㎡
110동,27층,27,2702,98C1,98.04,29.66,공급 98.04C1㎡
110동,27층,27,2703,114A,114.57,34.66,공급 114.57A㎡
110동,27층,27,2704,113B,113.93,34.46,공급 113.93B㎡
110동,27층,27,2705,98D,98.96,29.94,공급 98.96D㎡
110동,26층,26,2601,99B,99.05,29.96,공급 99.05B㎡
110동,26층,26,2602,98C1,98.04,29.66,공급 98.04C1㎡
110동,26층,26,2603,114A,114.57,34.66,공급 114.57A㎡
110동,26층,26,2604,113B,113.93,34.46,공급 113.93B㎡
110동,26층,26,2605,98D,98.96,29.94,공급 98.96D㎡
110동,25층,25,2501,99B,99.05,29.96,공급 99.05B㎡
110동,25층,25,2502,98C1,98.04,29.66,공급 98.04C1㎡
110동,25층,25,2503,114A,114.57,34.66,공급 114.57A㎡
110동,25층,25,2504,113B,113.93,34.46,공급 113.93B㎡
110동,25층,25,2505,98D,98.96,29.94,공급 98.96D㎡
110동,24층,24,2401,99B,99.05,29.96,공급 99.05B㎡
110동,24층,24,2402,98C1,98.04,29.66,공급 98.04C1㎡
110동,24층,24,2403,114A,114.57,34.66,공급 114.57A㎡
110동,24층,24,2404,113B,113.93,34.46,공급 113.93B㎡
110동,24층,24,2405,98D,98.96,29.94,공급 98.96D㎡
110동,23층,23,2301,99B,99.05,29.96,공급 99.05B㎡
110동,23층,23,2302,98C1,98.04,29.66,공급 98.04C1㎡
110동,23층,23,2303,114A,114.57,34.66,공급 114.57A㎡
110동,23층,23,2304,113B,113.93,34.46,공급 113.93B㎡
110동,23층,23,2305,98D,98.96,29.94,공급 98.96D㎡
110동,22층,22,2201,99B,99.05,29.96,공급 99.05B㎡
110동,22층,22,2202,98C1,98.04,29.66,공급 98.04C1㎡
110동,22층,22,2203,114A,114.57,34.66,공급 114.57A㎡
110동,22층,22,2204,113B,113.93,34.46,공급 113.93B㎡
110동,22층,22,2205,98D,98.96,29.94,공급 98.96D㎡
110동,21층,21,2101,99B,99.05,29.96,공급 99.05B㎡
110동,21층,21,2102,98C1,98.04,29.66,공급 98.04C1㎡
110동,21층,21,2103,114A,114.57,34.66,공급 114.57A㎡
110동,21층,21,2104,113B,113.93,34.46,공급 113.93B㎡
110동,21층,21,2105,98D,98.96,29.94,공급 98.96D㎡
110동,20층,20,2001,99B,99.05,29.96,공급 99.05B㎡
110동,20층,20,2002,98C1,98.04,29.66,공급 98.04C1㎡
110동,20층,20,2003,114A,114.57,34.66,공급 114.57A㎡
110동,20층,20,2004,113B,113.93,34.46,공급 113.93B㎡
110동,20층,20,2005,98D,98.96,29.94,공급 98.96D㎡
110동,19층,19,1901,99B,99.05,29.96,공급 99.05B㎡
110동,19층,19,1902,98C1,98.04,29.66,공급 98.04C1㎡
110동,19층,19,1903,114A,114.57,34.66,공급 114.57A㎡
110동,19층,19,1904,113B,113.93,34.46,공급 113.93B㎡
110동,19층,19,1905,98D,98.96,29.94,공급 98.96D㎡
110동,18층,18,1801,99B,99.05,29.96,공급 99.05B㎡
110동,18층,18,1802,98C1,98.04,29.66,공급 98.04C1㎡
110동,18층,18,1803,114A,114.57,34.66,공급 114.57A㎡
110동,18층,18,1804,113B,113.93,34.46,공급 113.93B㎡
110동,18층,18,1805,98D,98.96,29.94,공급 98.96D㎡
110동,17층,17,1701,99B,99.05,29.96,공급 99.05B㎡
110동,17층,17,1702,98C1,98.04,29.66,공급 98.04C1㎡
110동,17층,17,1703,114A,114.57,34.66,공급 114.57A㎡
110동,17층,17,1704,113B,113.93,34.46,공급 113.93B㎡
110동,17층,17,1705,98D,98.96,29.94,공급 98.96D㎡
110동,16층,16,1601,99B,99.05,29.96,공급 99.05B㎡
110동,16층,16,1602,98C1,98.04,29.66,공급 98.04C1㎡
110동,16층,16,1603,114A,114.57,34.66,공급 114.57A㎡
110동,16층,16,1604,113B,113.93,34.46,공급 113.93B㎡
110동,16층,16,1605,98D,98.96,29.94,공급 98.96D㎡
110동,15층,15,1501,99B,99.05,29.96,공급 99.05B㎡
110동,15층,15,1502,98C1,98.04,29.66,공급 98.04C1㎡
110동,15층,15,1503,114A,114.57,34.66,공급 114.57A㎡
110동,15층,15,1504,113B,113.93,34.46,공급 113.93B㎡
110동,15층,15,1505,98D,98.96,29.94,공급 98.96D㎡
110동,14층,14,1401,99B,99.05,29.96,공급 99.05B㎡
110동,14층,14,1402,98C1,98.04,29.66,공급 98.04C1㎡
110동,14층,14,1403,114A,114.57,34.66,공급 114.57A㎡
110동,14층,14,1404,113B,113.93,34.46,공급 113.93B㎡
110동,14층,14,1405,98D,98.96,29.94,공급 98.96D㎡
110동,13층,13,1301,99B,99.05,29.96,공급 99.05B㎡
110동,13층,13,1302,98C1,98.04,29.66,공급 98.04C1㎡
110동,13층,13,1303,114A,114.57,34.66,공급 114.57A㎡
110동,13층,13,1304,113B,113.93,34.46,공급 113.93B㎡
110동,13층,13,1305,98D,98.96,29.94,공급 98.96D㎡
110동,12층,12,1201,99B,99.05,29.96,공급 99.05B㎡
110동,12층,12,1202,98C1,98.04,29.66,공급 98.04C1㎡
110동,12층,12,1203,114A,114.57,34.66,공급 114.57A㎡
110동,12층,12,1204,113B,113.93,34.46,공급 113.93B㎡
110동,12층,12,1205,98D,98.96,29.94,공급 98.96D㎡
110동,11층,11,1101,99B,99.05,29.96,공급 99.05B㎡
110동,11층,11,1102,98C1,98.04,29.66,공급 98.04C1㎡
110동,11층,11,1103,114A,114.57,34.66,공급 114.57A㎡
110동,11층,11,1104,113B,113.93,34.46,공급 113.93B㎡
110동,11층,11,1105,98D,98.96,29.94,공급 98.96D㎡
110동,10층,10,1001,99B,99.05,29.96,공급 99.05B㎡
110동,10층,10,1002,98C1,98.04,29.66,공급 98.04C1㎡
110동,10층,10,1003,114A,114.57,34.66,공급 114.57A㎡
110동,10층,10,1004,113B,113.93,34.46,공급 113.93B㎡
110동,10층,10,1005,98D,98.96,29.94,공급 98.96D㎡
110동,9층,9,901,99B,99.05,29.96,공급 99.05B㎡
110동,9층,9,902,98C1,98.04,29.66,공급 98.04C1㎡
110동,9층,9,903,114A,114.57,34.66,공급 114.57A㎡
110동,9층,9,904,113B,113.93,34.46,공급 113.93B㎡
110동,9층,9,905,98D,98.96,29.94,공급 98.96D㎡
110동,8층,8,801,99B,99.05,29.96,공급 99.05B㎡
110동,8층,8,802,98C1,98.04,29.66,공급 98.04C1㎡
110동,8층,8,803,114A,114.57,34.66,공급 114.57A㎡
110동,8층,8,804,113B,113.93,34.46,공급 113.93B㎡
110동,8층,8,805,98D,98.96,29.94,공급 98.96D㎡
110동,7층,7,701,99B,99.05,29.96,공급 99.05B㎡
110동,7층,7,702,98C1,98.04,29.66,공급 98.04C1㎡
110동,7층,7,703,114A,114.57,34.66,공급 114.57A㎡
110동,7층,7,704,113B,113.93,34.46,공급 113.93B㎡
110동,7층,7,705,98D,98.96,29.94,공급 98.96D㎡
110동,6층,6,601,99B,99.05,29.96,공급 99.05B㎡
110동,6층,6,602,98C1,98.04,29.66,공급 98.04C1㎡
110동,6층,6,603,114A,114.57,34.66,공급 114.57A㎡
110동,6층,6,604,113B,113.93,34.46,공급 113.93B㎡
110동,6층,6,605,98D,98.96,29.94,공급 98.96D㎡
110동,5층,5,501,99B,99.05,29.96,공급 99.05B㎡
110동,5층,5,502,98C1,98.04,29.66,공급 98.04C1㎡
110동,5층,5,503,114A,114.57,34.66,공급 114.57A㎡
110동,5층,5,504,113B,113.93,34.46,공급 113.93B㎡
110동,5층,5,505,98D,98.96,29.94,공급 98.96D㎡
110동,4층,4,401,99B,99.05,29.96,공급 99.05B㎡
110동,4층,4,402,98C1,98.04,29.66,공급 98.04C1㎡
110동,4층,4,403,114A,114.57,34.66,공급 114.57A㎡
110동,4층,4,404,113B,113.93,34.46,공급 113.93B㎡
110동,4층,4,405,98D,98.96,29.94,공급 98.96D㎡
110동,3층,3,301,99B,99.05,29.96,공급 99.05B㎡
110동,3층,3,302,98C1,98.04,29.66,공급 98.04C1㎡
110동,3층,3,303,114A,114.57,34.66,공급 114.57A㎡
110동,3층,3,304,113B,113.93,34.46,공급 113.93B㎡
110동,3층,3,305,98D,98.96,29.94,공급 98.96D㎡
110동,2층,2,201,99B,99.05,29.96,공급 99.05B㎡
110동,2층,2,202,98C1,98.04,29.66,공급 98.04C1㎡
110동,2층,2,203,114A,114.57,34.66,공급 114.57A㎡
110동,2층,2,204,113B,113.93,34.46,공급 113.93B㎡
110동,2층,2,205,98D,98.96,29.94,공급 98.96D㎡
110동,1층,1,102,98C1,98.04,29.66,공급 98.04C1㎡
110동,1층,1,103,114A,114.57,34.66,공급 114.57A㎡
110동,1층,1,104,113B,113.93,34.46,공급 113.93B㎡
111동,34층,34,3401,98A,98.85,29.9,공급 98.85A㎡
111동,34층,34,3402,98C1,98.04,29.66,공급 98.04C1㎡
111동,34층,34,3404,145,145.05,43.88,공급 145.05㎡
111동,34층,34,3405,98D,98.96,29.94,공급 98.96D㎡
111동,33층,33,3301,98A,98.85,29.9,공급 98.85A㎡
111동,33층,33,3302,98C1,98.04,29.66,공급 98.04C1㎡
111동,33층,33,3303,114A,114.57,34.66,공급 114.57A㎡
111동,33층,33,3304,113B,113.93,34.46,공급 113.93B㎡
111동,33층,33,3305,98D,98.96,29.94,공급 98.96D㎡
111동,32층,32,3201,98A,98.85,29.9,공급 98.85A㎡
111동,32층,32,3202,98C1,98.04,29.66,공급 98.04C1㎡
111동,32층,32,3203,114A,114.57,34.66,공급 114.57A㎡
111동,32층,32,3204,113B,113.93,34.46,공급 113.93B㎡
111동,32층,32,3205,98D,98.96,29.94,공급 98.96D㎡
111동,31층,31,3101,98A,98.85,29.9,공급 98.85A㎡
111동,31층,31,3102,98C1,98.04,29.66,공급 98.04C1㎡
111동,31층,31,3103,114A,114.57,34.66,공급 114.57A㎡
111동,31층,31,3104,113B,113.93,34.46,공급 113.93B㎡
111동,31층,31,3105,98D,98.96,29.94,공급 98.96D㎡
111동,30층,30,3001,98A,98.85,29.9,공급 98.85A㎡
111동,30층,30,3002,98C1,98.04,29.66,공급 98.04C1㎡
111동,30층,30,3003,114A,114.57,34.66,공급 114.57A㎡
111동,30층,30,3004,113B,113.93,34.46,공급 113.93B㎡
111동,30층,30,3005,98D,98.96,29.94,공급 98.96D㎡
111동,29층,29,2901,98A,98.85,29.9,공급 98.85A㎡
111동,29층,29,2902,98C1,98.04,29.66,공급 98.04C1㎡
111동,29층,29,2903,114A,114.57,34.66,공급 114.57A㎡
111동,29층,29,2904,113B,113.93,34.46,공급 113.93B㎡
111동,29층,29,2905,98D,98.96,29.94,공급 98.96D㎡
111동,28층,28,2801,98A,98.85,29.9,공급 98.85A㎡
111동,28층,28,2802,98C1,98.04,29.66,공급 98.04C1㎡
111동,28층,28,2803,114A,114.57,34.66,공급 114.57A㎡
111동,28층,28,2804,113B,113.93,34.46,공급 113.93B㎡
111동,28층,28,2805,98D,98.96,29.94,공급 98.96D㎡
111동,27층,27,2701,98A,98.85,29.9,공급 98.85A㎡
111동,27층,27,2702,98C1,98.04,29.66,공급 98.04C1㎡
111동,27층,27,2703,114A,114.57,34.66,공급 114.57A㎡
111동,27층,27,2704,113B,113.93,34.46,공급 113.93B㎡
111동,27층,27,2705,98D,98.96,29.94,공급 98.96D㎡
111동,26층,26,2601,98A,98.85,29.9,공급 98.85A㎡
111동,26층,26,2602,98C1,98.04,29.66,공급 98.04C1㎡
111동,26층,26,2603,114A,114.57,34.66,공급 114.57A㎡
111동,26층,26,2604,113B,113.93,34.46,공급 113.93B㎡
111동,26층,26,2605,98D,98.96,29.94,공급 98.96D㎡
111동,25층,25,2501,98A,98.85,29.9,공급 98.85A㎡
111동,25층,25,2502,98C1,98.04,29.66,공급 98.04C1㎡
111동,25층,25,2503,114A,114.57,34.66,공급 114.57A㎡
111동,25층,25,2504,113B,113.93,34.46,공급 113.93B㎡
111동,25층,25,2505,98D,98.96,29.94,공급 98.96D㎡
111동,24층,24,2401,98A,98.85,29.9,공급 98.85A㎡
111동,24층,24,2402,98C1,98.04,29.66,공급 98.04C1㎡
111동,24층,24,2403,114A,114.57,34.66,공급 114.57A㎡
111동,24층,24,2404,113B,113.93,34.46,공급 113.93B㎡
111동,24층,24,2405,98D,98.96,29.94,공급 98.96D㎡
111동,23층,23,2301,98A,98.85,29.9,공급 98.85A㎡
111동,23층,23,2302,98C1,98.04,29.66,공급 98.04C1㎡
111동,23층,23,2303,114A,114.57,34.66,공급 114.57A㎡
111동,23층,23,2304,113B,113.93,34.46,공급 113.93B㎡
111동,23층,23,2305,98D,98.96,29.94,공급 98.96D㎡
111동,22층,22,2201,98A,98.85,29.9,공급 98.85A㎡
111동,22층,22,2202,98C1,98.04,29.66,공급 98.04C1㎡
111동,22층,22,2203,114A,114.57,34.66,공급 114.57A㎡
111동,22층,22,2204,113B,113.93,34.46,공급 113.93B㎡
111동,22층,22,2205,98D,98.96,29.94,공급 98.96D㎡
111동,21층,21,2101,98A,98.85,29.9,공급 98.85A㎡
111동,21층,21,2102,98C1,98.04,29.66,공급 98.04C1㎡
111동,21층,21,2103,114A,114.57,34.66,공급 114.57A㎡
111동,21층,21,2104,113B,113.93,34.46,공급 113.93B㎡
111동,21층,21,2105,98D,98.96,29.94,공급 98.96D㎡
111동,20층,20,2001,98A,98.85,29.9,공급 98.85A㎡
111동,20층,20,2002,98C1,98.04,29.66,공급 98.04C1㎡
111동,20층,20,2003,114A,114.57,34.66,공급 114.57A㎡
111동,20층,20,2004,113B,113.93,34.46,공급 113.93B㎡
111동,20층,20,2005,98D,98.96,29.94,공급 98.96D㎡
111동,19층,19,1901,98A,98.85,29.9,공급 98.85A㎡
111동,19층,19,1902,98C1,98.04,29.66,공급 98.04C1㎡
111동,19층,19,1903,114A,114.57,34.66,공급 114.57A㎡
111동,19층,19,1904,113B,113.93,34.46,공급 113.93B㎡
111동,19층,19,1905,98D,98.96,29.94,공급 98.96D㎡
111동,18층,18,1801,98A,98.85,29.9,공급 98.85A㎡
111동,18층,18,1802,98C1,98.04,29.66,공급 98.04C1㎡
111동,18층,18,1803,114A,114.57,34.66,공급 114.57A㎡
111동,18층,18,1804,113B,113.93,34.46,공급 113.93B㎡
111동,18층,18,1805,98D,98.96,29.94,공급 98.96D㎡
111동,17층,17,1701,98A,98.85,29.9,공급 98.85A㎡
111동,17층,17,1702,98C1,98.04,29.66,공급 98.04C1㎡
111동,17층,17,1703,114A,114.57,34.66,공급 114.57A㎡
111동,17층,17,1704,113B,113.93,34.46,공급 113.93B㎡
111동,17층,17,1705,98D,98.96,29.94,공급 98.96D㎡
111동,16층,16,1601,98A,98.85,29.9,공급 98.85A㎡
111동,16층,16,1602,98C1,98.04,29.66,공급 98.04C1㎡
111동,16층,16,1603,114A,114.57,34.66,공급 114.57A㎡
111동,16층,16,1604,113B,113.93,34.46,공급 113.93B㎡
111동,16층,16,1605,98D,98.96,29.94,공급 98.96D㎡
111동,15층,15,1501,98A,98.85,29.9,공급 98.85A㎡
111동,15층,15,1502,98C1,98.04,29.66,공급 98.04C1㎡
111동,15층,15,1503,114A,114.57,34.66,공급 114.57A㎡
111동,15층,15,1504,113B,113.93,34.46,공급 113.93B㎡
111동,15층,15,1505,98D,98.96,29.94,공급 98.96D㎡
111동,14층,14,1401,98A,98.85,29.9,공급 98.85A㎡
111동,14층,14,1402,98C1,98.04,29.66,공급 98.04C1㎡
111동,14층,14,1403,114A,114.57,34.66,공급 114.57A㎡
111동,14층,14,1404,113B,113.93,34.46,공급 113.93B㎡
111동,14층,14,1405,98D,98.96,29.94,공급 98.96D㎡
111동,13층,13,1301,98A,98.85,29.9,공급 98.85A㎡
111동,13층,13,1302,98C1,98.04,29.66,공급 98.04C1㎡
111동,13층,13,1303,114A,114.57,34.66,공급 114.57A㎡
111동,13층,13,1304,113B,113.93,34.46,공급 113.93B㎡
111동,13층,13,1305,98D,98.96,29.94,공급 98.96D㎡
111동,12층,12,1201,98A,98.85,29.9,공급 98.85A㎡
111동,12층,12,1202,98C1,98.04,29.66,공급 98.04C1㎡
111동,12층,12,1203,114A,114.57,34.66,공급 114.57A㎡
111동,12층,12,1204,113B,113.93,34.46,공급 113.93B㎡
111동,12층,12,1205,98D,98.96,29.94,공급 98.96D㎡
111동,11층,11,1101,98A,98.85,29.9,공급 98.85A㎡
111동,11층,11,1102,98C1,98.04,29.66,공급 98.04C1㎡
111동,11층,11,1103,114A,114.57,34.66,공급 114.57A㎡
111동,11층,11,1104,113B,113.93,34.46,공급 113.93B㎡
111동,11층,11,1105,98D,98.96,29.94,공급 98.96D㎡
111동,10층,10,1001,98A,98.85,29.9,공급 98.85A㎡
111동,10층,10,1002,98C1,98.04,29.66,공급 98.04C1㎡
111동,10층,10,1003,114A,114.57,34.66,공급 114.57A㎡
111동,10층,10,1004,113B,113.93,34.46,공급 113.93B㎡
111동,10층,10,1005,98D,98.96,29.94,공급 98.96D㎡
111동,9층,9,901,98A,98.85,29.9,공급 98.85A㎡
111동,9층,9,902,98C1,98.04,29.66,공급 98.04C1㎡
111동,9층,9,903,114A,114.57,34.66,공급 114.57A㎡
111동,9층,9,904,113B,113.93,34.46,공급 113.93B㎡
111동,9층,9,905,98D,98.96,29.94,공급 98.96D㎡
111동,8층,8,801,98A,98.85,29.9,공급 98.85A㎡
111동,8층,8,802,98C1,98.04,29.66,공급 98.04C1㎡
111동,8층,8,803,114A,114.57,34.66,공급 114.57A㎡
111동,8층,8,804,113B,113.93,34.46,공급 113.93B㎡
111동,8층,8,805,98D,98.96,29.94,공급 98.96D㎡
111동,7층,7,701,98A,98.85,29.9,공급 98.85A㎡
111동,7층,7,702,98C1,98.04,29.66,공급 98.04C1㎡
111동,7층,7,703,114A,114.57,34.66,공급 114.57A㎡
111동,7층,7,704,113B,113.93,34.46,공급 113.93B㎡
111동,7층,7,705,98D,98.96,29.94,공급 98.96D㎡
111동,6층,6,601,98A,98.85,29.9,공급 98.85A㎡
111동,6층,6,602,98C1,98.04,29.66,공급 98.04C1㎡
111동,6층,6,603,114A,114.57,34.66,공급 114.57A㎡
111동,6층,6,604,113B,113.93,34.46,공급 113.93B㎡
111동,6층,6,605,98D,98.96,29.94,공급 98.96D㎡
111동,5층,5,501,98A,98.85,29.9,공급 98.85A㎡
111동,5층,5,502,98C1,98.04,29.66,공급 98.04C1㎡
111동,5층,5,503,114A,114.57,34.66,공급 114.57A㎡
111동,5층,5,504,113B,113.93,34.46,공급 113.93B㎡
111동,5층,5,505,98D,98.96,29.94,공급 98.96D㎡
111동,4층,4,401,98A,98.85,29.9,공급 98.85A㎡
111동,4층,4,402,98C1,98.04,29.66,공급 98.04C1㎡
111동,4층,4,403,114A,114.57,34.66,공급 114.57A㎡
111동,4층,4,404,113B,113.93,34.46,공급 113.93B㎡
111동,4층,4,405,98D,98.96,29.94,공급 98.96D㎡
111동,3층,3,301,98A,98.85,29.9,공급 98.85A㎡
111동,3층,3,302,98C1,98.04,29.66,공급 98.04C1㎡
111동,3층,3,303,114A,114.57,34.66,공급 114.57A㎡
111동,3층,3,304,113B,113.93,34.46,공급 113.93B㎡
111동,3층,3,305,98D,98.96,29.94,공급 98.96D㎡
111동,2층,2,201,98A,98.85,29.9,공급 98.85A㎡
111동,2층,2,202,98C1,98.04,29.66,공급 98.04C1㎡
111동,2층,2,203,114A,114.57,34.66,공급 114.57A㎡
111동,2층,2,204,113B,113.93,34.46,공급 113.93B㎡
111동,2층,2,205,98D,98.96,29.94,공급 98.96D㎡
